Seq,City,Night,Date,Territory,Venue,First Act,Second Act,Lover Bodysuit,Lover Jacket,Fearless Dress,Evermore Dress,Evermore Willow Cloak,Red T-Shirt,Red Romper,Red Jacket,Speak Now Dress,Reputation Bodysuit,Folklore Dress,1989 Top,1989 Skirt,1989 Left Shoe,1989 Right Shoe,TTPD Dress,TTPD Gloves,TTPD Jacket,TTPD Necklace,TTPD Two Piece,TTPD Tailcoat,Acoustic Dress,Midnights Coat,Midnights T-Shirt Dress,Midnights Bodysuit,Midnights Garter,Midnights Jacket,Lover Guitar,Fearless Guitar,Red Guitar,Speak Now Guitar,Folklore Guitar,Accoustic Guitar,Lover Mic,Lover Stand Mic,Fearless Mic,Evermore Mic,Red Mic,Red ATW Mic,Speak Now Mic,Reputation Mic,Folklore Mic,1989 Mic,TTPD Mic,TTPD ICDIWABH Mic,Accoustic Guitar Mic,Accoustic Piano Mic,Midnights Mic,Oh Hi!,Like Ever!,Ovation,Guy on the,Guitar First Song,Guitar Second Song,Guitar Third Song,Piano First Song,Piano Second Song,Piano Third Song,Special Guest,Second Guest,Third Guest
1,Glendale,N1,03/17/2023,AZ,State Farm Stadium,Paramore,Gayle,Pink & Blue,Silver,Short Gold,Orange,Forest Green,A Lot,Thick Straps,Black & Red,Champagne,Red & Black Snakes,Mauve,Rubellite,Rubellite,Pink,Pink,n/a,n/a,n/a,n/a,n/a,n/a,Magenta,Lavender Gem,Silver,Lines,No,Multicolour,Purple Gibson J-180,Silver Gibson J-180,Red Gibson J-45,none,Gibson Hummingbird,Taylor PS24CE,Blue-Purple,Clouds,Gold-Black,Wood,Red-Black,Black-Crystal,Purple-Blue,Red Snake,Wood,Blue White,n/a,n/a,Maroon,Rose Gold,Dark Blue,Oh Hi!,Like Ever!,12:00:15 AM,Screen,Mirrorball,n/a,n/a,Tim McGraw,n/a,n/a,n/a,n/a,n/a
2,Glendale,N2,03/18/2023,AZ,State Farm Stadium,Paramore,Gayle,Blue & Gold,Black,Long Gold,Orange,Forest Green,Ew,Thick Straps,Black & Red,Pink,Red & Black Snakes,Cream,Emerald,Emerald,Green,Green,n/a,n/a,n/a,n/a,n/a,n/a,Shamrock,Lavender Gem,Blue,Lines,No,Magenta,Blue Gibson J-180,Silver Gibson J-180,Red Gibson J-45,none,Gibson Hummingbird,Taylor PS24CE,Blue-Purple,Clouds,Gold-Black,Wood,Red-Black,Black-Crystal,Purple-Blue,Red Snake,Wood,Blue White,n/a,n/a,Maroon,Rose Gold,Dark Blue,Oh Hi!,Like Ever!,12:01:28 AM,Screen,This Is Me Trying,n/a,n/a,State of Grace,n/a,n/a,n/a,n/a,n/a
3,Las Vegas,N1,03/24/2023,NV,Allegiant Stadium,Beadadoobee,Gayle,Pink & Blue,Silver,Short Gold,Orange,Forest Green,A Lot,Thick Straps,Black & Red,Champagne,Red & Black Snakes,Pink,Rubellite,Rubellite,Pink,Pink,n/a,n/a,n/a,n/a,n/a,n/a,Magenta,Lavender Gem,Silver,Scallops,Yes,Multicolour,Purple Gibson J-180,Silver Gibson J-180,Red Gibson J-45,none,Gibson Hummingbird,Taylor PS24CE,Blue-Purple,Clouds,Gold-Black,Wood,Red-Black,Black-Crystal,Purple-Blue,Red Snake,Wood,Blue White,n/a,n/a,Maroon,Rose Gold,Dark Blue,Oh Hi!,Like Ever!,12:01:43 AM,Screen,Our Song,n/a,n/a,Snow on the Beach,n/a,n/a,n/a,n/a,n/a
4,Las Vegas,N2,03/25/2023,NV,Allegiant Stadium,Beadadoobee,Gayle,Blue & Gold,Black,Long Gold,Orange,Forest Green,Ew,Thick Straps,Black & Red,Pink,Red & Black Snakes,Mauve,Emerald,Emerald,Green,Green,n/a,n/a,n/a,n/a,n/a,n/a,Shamrock,Lavender Gem,Blue,Lines,No,Pink,Pink Gibson J-180,Silver Gibson J-180,Red Gibson J-45,none,Gibson Hummingbird,Taylor PS24CE,Blue-Purple,Clouds,Gold-Black,Wood,Red-Black,Black-Crystal,Purple-Blue,Red Snake,Wood,Blue White,n/a,n/a,Maroon,Rose Gold,Dark Blue,Oh Hi!,Like Ever!,12:01:12 AM,Screen,Cowboy Like Me,n/a,n/a,White Horse,n/a,n/a,Marcus Mumford,n/a,n/a
5,Arlington,N1,03/31/2023,TX,AT&T Stadium,Muna,Gayle,Blue & Gold,Black,Long Gold,Orange,Forest Green,Never Ever,Thick Straps,Black & Red,Champagne,Red & Black Snakes,Cream,Emerald,Emerald,Green,Green,n/a,n/a,n/a,n/a,n/a,n/a,Shamrock,Lavender Gem,Pink,Scallops,Yes,Multicolour,Blue Gibson J-180,Silver Gibson J-180,Red Gibson J-45,none,Gibson Hummingbird,Taylor PS24CE,Blue-Purple,Clouds,Gold-Black,Wood,Red-Black,Black-Crystal,Purple-Blue,Red Snake,Wood,Blue White,n/a,n/a,Maroon,Rose Gold,Dark Blue,Oh Hi!,Like Ever!,12:00:44 AM,Screen,Sad Beautiful Tragic,n/a,n/a,Ours,n/a,n/a,n/a,n/a,n/a
6,Arlington,N2,04/01/2023,TX,AT&T Stadium,Beadadoobee,Gracie Abrams,Pink & Blue,Silver,Short Gold,Orange,Forest Green,Ew,Thick Straps,Black & Red,Pink,Red & Black Snakes,Mauve,Rubellite,Rubellite,Pink,Pink,n/a,n/a,n/a,n/a,n/a,n/a,Magenta,Lavender Gem,Lavender,Lines,Yes,Magenta,Purple Gibson J-180,Silver Gibson J-180,Black Gibson J-45,none,Gibson Hummingbird,Taylor PS24CE,Blue-Purple,Clouds,Gold-Black,Wood,Red-Black,Black-Crystal,Purple-Blue,Red Snake,Wood,Blue White,n/a,n/a,Maroon,Rose Gold,Dark Blue,Oh Hi!,Like Ever!,12:00:36 AM,Screen,Death by a Thousand Cuts,n/a,n/a,Clean,n/a,n/a,n/a,n/a,n/a
7,Arlington,N3,04/02/2023,TX,AT&T Stadium,Beadadoobee,Gracie Abrams,Blue & Gold,Black,Long Gold,Orange,Forest Green,A Lot,Thick Straps,Black & Red,Champagne,Red & Black Snakes,Pink,Emerald,Emerald,Green,Green,n/a,n/a,n/a,n/a,n/a,n/a,Shamrock,Lavender Gem,Silver,Scallops,Yes,Pink,Pink Gibson J-180,Silver Gibson J-180,Black Gibson J-45,none,Gibson Hummingbird,Taylor PS24CE,Blue-Purple,Clouds,Gold-Black,Wood,Red-Black,Black-Crystal,Purple-Blue,Red Snake,Wood,Blue White,n/a,n/a,Maroon,Rose Gold,Dark Blue,Oh Hi!,Like Ever!,12:01:14 AM,Screen,Jump then Fall,n/a,n/a,The Lucky One,n/a,n/a,n/a,n/a,n/a
8,Tampa,N1,04/13/2023,FL,Raymond James Stadium,Beadadoobee,Gayle,Pink & Blue,Silver,Short Gold,Orange,Forest Green,Ew,Thick Straps,Black & Red,White Floral,Red & Black Snakes,Green,Topaz,Topaz,Orange,Orange,n/a,n/a,n/a,n/a,n/a,n/a,Yellow,Lavender Gem,Lavender,Scallops,Yes,Multicolour,Pink Gibson J-180,Silver Gibson J-180,Black Gibson J-45,none,Gibson Hummingbird,Taylor PS24CE,Blue-Purple,Clouds,Gold-Black,Wood,Red-Black,Black-Crystal,Purple-Blue,Red Snake,Wood,Blue White,n/a,n/a,Maroon,Rose Gold,Dark Blue,Oh Hi!,Like Ever!,12:01:30 AM,Screen,Speak Now,n/a,n/a,Treacherous,n/a,n/a,n/a,n/a,n/a
9,Tampa,N2,04/14/2023,FL,Raymond James Stadium,Beadadoobee,Gracie Abrams,Blue & Gold,Black,Long Gold,Orange,Forest Green,A Lot,Thick Straps,Black & Red,Pink,Red & Black Snakes,Cream,Rubellite,Rubellite,Pink,Pink,n/a,n/a,n/a,n/a,n/a,n/a,Magenta,Lavender Gem,Silver,Lines,Yes,Pink,Blue Gibson J-180,Silver Gibson J-180,Black Gibson J-45,none,Gibson Hummingbird,Taylor PS24CE,Blue-Purple,Clouds,Gold-Black,Wood,Red-Black,Black-Crystal,Purple-Blue,Red Snake,Wood,Blue White,n/a,n/a,Maroon,Rose Gold,Dark Blue,Oh Hi!,Like Ever!,12:00:45 AM,Screen,The Great War,n/a,n/a,"You're on Your Own, Kid",n/a,n/a,n/a,n/a,n/a
10,Tampa,N3,04/15/2023,FL,Raymond James Stadium,Beadadoobee,Gracie Abrams,Pink & Blue,Silver,Short Gold,Orange,Forest Green,Ew,Thick Straps,Black & Red,Champagne,Black and Red Snakes,Pink,Emerald,Emerald,Green,Green,n/a,n/a,n/a,n/a,n/a,n/a,Shamrock,Lavender Gem,Pink,Scallops,Yes,Magenta,Purple Gibson J-180,Silver Gibson J-180,Black Gibson J-45,none,Gibson Hummingbird,Taylor PS24CE,Blue-Purple,Clouds,Gold-Black,Wood,Red-Black,Black-Crystal,Purple-Blue,Red Snake,Wood,Blue White,n/a,n/a,Maroon,Rose Gold,Dark Blue,Oh Hi!,Like Ever!,12:01:54 AM,Screen,Mean,n/a,n/a,Mad Woman,n/a,n/a,Aaron Dessner,n/a,n/a
11,Houston,N1,04/21/2023,TX,NRG Stadium,Beadadoobee,Gracie Abrams,Pink & Blue,Silver,Short Gold,Orange,Forest Green,A Lot,Thick Straps,Black & Red,Champagne,Black and Red Snakes,Cream,Topaz,Topaz,Orange,Orange,n/a,n/a,n/a,n/a,n/a,n/a,Yellow,Lavender Gem,Pink,Scallops,Yes,Multicolour,Pink Gibson J-180,Silver Gibson J-180,Black Gibson J-45,none,Gibson Hummingbird,Taylor PS24CE,Blue-Purple,Clouds,Gold-Black,Wood,Red-Black,Black-Crystal,Purple-Blue,Red Snake,Wood,Blue White,n/a,n/a,Maroon,Rose Gold,Dark Blue,Oh Hi!,Like Ever!,12:01:25 AM,Screen,Wonderland,n/a,n/a,You're Not Sorry,n/a,n/a,Aaron Dessner,n/a,n/a
12,Houston,N2,04/22/2023,TX,NRG Stadium,Beadadoobee,Gracie Abrams,Blue & Gold,Black,Long Gold,Orange,Forest Green,Ew,Thick Straps,Black & Red,White Floral,Black and Red Snakes,Mauve,Rubellite,Rubellite,Pink,Pink,n/a,n/a,n/a,n/a,n/a,n/a,Magenta,Lavender Gem,Silver,Lines,Yes,Magenta,Blue Gibson J-180,Silver Gibson J-180,Black Gibson J-45,none,Gibson Hummingbird,Taylor PS24CE,Blue-Purple,Clouds,Gold-Black,Wood,Red-Black,Black-Crystal,Purple-Blue,Red Snake,Wood,Blue White,n/a,n/a,Maroon,Rose Gold,Dark Blue,Oh Hi!,Like Ever!,12:00:41 AM,Screen,A Place in This World,n/a,n/a,Today Was a Fairytale,n/a,n/a,n/a,n/a,n/a
13,Houston,N3,04/23/2023,TX,NRG Stadium,Beadadoobee,Gracie Abrams,Pink & Blue,Silver,Short Gold,Orange,Forest Green,Never Ever,Thick Straps,Black & Red,Pink,Black and Red Snakes,Pink,Emerald,Emerald,Green,Green,n/a,n/a,n/a,n/a,n/a,n/a,Shamrock,Lavender Gem,Lavender,Scallops,Yes,Pink,Purple Gibson J-180,Silver Gibson J-180,Black Gibson J-45,none,Gibson Hummingbird,Taylor PS24CE,Blue-Purple,Clouds,Gold-Black,Wood,Red-Black,Black-Crystal,Purple-Blue,Red Snake,Wood,Blue White,n/a,n/a,Maroon,Rose Gold,Dark Blue,Oh Hi!,Like Ever!,12:01:37 AM,Screen,Begin Again,n/a,n/a,Cold as You,n/a,n/a,n/a,n/a,n/a
14,Atlanta,N1,04/28/2023,GA,Mercedes-Benz Stadium,Beadadoobee,Gracie Abrams,Pink & Blue,Silver,Short Gold,Orange,Forest Green,A Lot,Thick Straps,Black & Red,Pink,Black and Red Snakes,Cream,Emerald,Emerald,Green,Green,n/a,n/a,n/a,n/a,n/a,n/a,Shamrock,Lavender Gem,Silver,Scallops,Yes,Magenta,Pink Gibson J-180,Silver Gibson J-180,Black Gibson J-45,none,Gibson Hummingbird,Taylor PS24CE,Blue-Purple,Clouds,Gold-Black,Wood,Red-Black,Black-Crystal,Purple-Blue,Red Snake,Wood,Blue White,n/a,n/a,Maroon,Rose Gold,Dark Blue,Oh Hi!,Like Ever!,12:01:10 AM,Screen,The Other Side of the Door,n/a,n/a,Coney Island,n/a,n/a,n/a,n/a,n/a
15,Atlanta,N2,04/29/2023,GA,Mercedes-Benz Stadium,Beadadoobee,Gracie Abrams,Blue & Gold,Black,Long Gold,Orange,Forest Green,Ew,Thick Straps,Black & Red,Champagne,Black and Red Snakes,Mauve,Rubellite,Rubellite,Pink,Pink,n/a,n/a,n/a,n/a,n/a,n/a,Magenta,Lavender Gem,Pink,Lines,Yes,Pink,Blue Gibson J-180,Silver Gibson J-180,Black Gibson J-45,none,Gibson Hummingbird,Taylor PS24CE,Blue-Purple,Clouds,Gold-Black,Wood,Red-Black,Black-Crystal,Purple-Blue,Red Snake,Wood,Blue White,n/a,n/a,Maroon,Rose Gold,Dark Blue,Oh Hi!,Like Ever!,12:00:34 AM,Screen,High Infidelity,n/a,n/a,Gorgeous,n/a,n/a,n/a,n/a,n/a
16,Atlanta,N3,04/30/2023,GA,Mercedes-Benz Stadium,Muna,Gayle,Pink & Blue,Silver,Short Gold,Orange,Forest Green,Never Ever,Thick Straps,Black & Red,White Floral,Black and Red Snakes,Pink,Topaz,Topaz,Orange,Orange,n/a,n/a,n/a,n/a,n/a,n/a,Yellow,Lavender Gem,Lavender,Scallops,Yes,Multicolour,Purple Gibson J-180,Silver Gibson J-180,Black Gibson J-45,none,Gibson Hummingbird,Taylor PS24CE,Blue-Purple,Clouds,Gold-Black,Wood,Red-Black,Black-Crystal,Purple-Blue,Red Snake,Wood,Blue White,n/a,n/a,Maroon,Rose Gold,Dark Blue,Oh Hi!,Like Ever!,12:03:48 AM,Screen,I Bet You Think About Me,n/a,n/a,How You Get the Girl,n/a,n/a,n/a,n/a,n/a
17,Nashville,N1,05/05/2023,TN,Nissan Stadium,Phoebe Bridgers,Gracie Abrams,Pink & Blue,Silver,Short Gold,Orange,Forest Green,Ew,Thick Straps,Black & Red,Champagne,Black and Red Snakes,Cream,Rubellite,Rubellite,Pink,Pink,n/a,n/a,n/a,n/a,n/a,n/a,Magenta,Lavender Gem,Lavender,Lines,Yes,Magenta,Pink Gibson J-180,Silver Gibson J-180,Black Gibson J-45,none,Gibson Hummingbird,Taylor PS24CE,Blue-Purple,Clouds,Gold-Black,Wood,Red-Black,Black-Crystal,Purple-Blue,Red Snake,Wood,Blue White,n/a,n/a,Maroon,Rose Gold,Dark Blue,Oh Hi!,Like Ever!,12:02:41 AM,Screen,Sparks Fly,n/a,n/a,Teardrops on My Guitar,n/a,n/a,Phoebe Bridgers,n/a,n/a
18,Nashville,N2,05/06/2023,TN,Nissan Stadium,Phoebe Bridgers,Gayle,Blue & Gold,Black,Long Gold,Orange,Forest Green,A Lot,Thick Straps,Black & Red,White Floral,Black and Red Snakes,Pink,Emerald,Emerald,Green,Green,n/a,n/a,n/a,n/a,n/a,n/a,Shamrock,Lavender Gem,Silver,Scallops,Yes,Multicolour,Blue Gibson J-180,Silver Gibson J-180,Black Gibson J-45,none,Gibson Hummingbird,Taylor PS24CE,Blue-Purple,Clouds,Gold-Black,Wood,Red-Black,Black-Crystal,Purple-Blue,Red Snake,Wood,Blue White,n/a,n/a,Maroon,Rose Gold,Dark Blue,Oh Hi!,Like Ever!,12:02:20 AM,Screen,Out of the Woods,n/a,n/a,Fifteen,n/a,n/a,Phoebe Bridgers,n/a,n/a
19,Nashville,N3,05/07/2023,TN,Nissan Stadium,n/a,n/a,Pink & Blue,Silver,Short Gold,Orange,Forest Green,Never Ever,Thick Straps,Black & Red,Pink,Black and Red Snakes,Mauve,Topaz,Topaz,Orange,Orange,n/a,n/a,n/a,n/a,n/a,n/a,Yellow,Lavender Gem,Pink,Lines,Yes,Magenta,Purple Gibson J-180,Silver Gibson J-180,Black Gibson J-45,none,Gibson Hummingbird,Taylor PS24CE,Black,Black,Black,Black,Black,Black,Black,Black,Black,Black,n/a,n/a,Black,Black,Black,"Oh, It's About Time, Nashville!",Like Ever!,12:01:54 AM,Screen,"Would've, Could've, Should've",n/a,n/a,Mine,n/a,n/a,Phoebe Bridgers,Aaron Dessner,n/a
20,Philadelphia,N1,05/12/2023,PA,Lincoln Financial Field,Phoebe Bridgers,Gayle,Pink & Blue,Silver,Short Gold,Orange,Forest Green,A Lot,Thick Straps,Black & Red,Pink,Black and Red Snakes,Cream,Rubellite,Rubellite,Pink,Pink,n/a,n/a,n/a,n/a,n/a,n/a,Magenta,Lavender Gem,Lavender,Scallops,Yes,Multicolour,Pink Gibson J-180,Silver Gibson J-180,Black Gibson J-45,none,Gibson Hummingbird,Taylor PS24CE,Blue-Purple,Clouds,Gold-Black,Wood,Red-Black,Black-Crystal,Purple-Blue,Red Snake,Wood,Blue White,n/a,n/a,Maroon,Rose Gold,Dark Blue,Oh Hi!,Like Ever!,12:01:15 AM,Screen,Gold Rush,n/a,n/a,Come Back... Be Here,n/a,n/a,Phoebe Bridgers,n/a,n/a
21,Philadelphia,N2,05/13/2023,PA,Lincoln Financial Field,Phoebe Bridgers,Gayle,Blue & Gold,Black,Long Gold,Orange,Forest Green,Ew,Thick Straps,Black & Red,Champagne,Black and Red Snakes,Green,Topaz,Topaz,Orange,Orange,n/a,n/a,n/a,n/a,n/a,n/a,Yellow,Lavender Gem,Pink,Lines,Yes,Magenta,Blue Gibson J-180,Silver Gibson J-180,Black Gibson J-45,none,Gibson Hummingbird,Taylor PS24CE,Blue-Purple,Clouds,Gold-Black,Wood,Red-Black,Black-Crystal,Purple-Blue,Red Snake,Wood,Blue White,n/a,n/a,Maroon,Rose Gold,Dark Blue,Oh Hi!,Like Ever!,12:03:34 AM,Screen,Forever & Always,n/a,n/a,This Love,n/a,n/a,Phoebe Bridgers,n/a,n/a
22,Philadelphia,N3,05/14/2023,PA,Lincoln Financial Field,Phoebe Bridgers,Gracie Abrams,Pink & Blue,Silver,Short Gold,Orange,Forest Green,Never Ever,Thick Straps,Black & Red,White Floral,Black and Red Snakes,Mauve,Emerald,Emerald,Green,Green,n/a,n/a,n/a,n/a,n/a,n/a,Shamrock,Lavender Gem,Silver,Scallops,Yes,Multicolour,Purple Gibson J-180,Silver Gibson J-180,Black Gibson J-45,none,Gibson Hummingbird,Taylor PS24CE,Blue-Purple,Clouds,Gold-Black,Wood,Red-Black,Black-Crystal,Purple-Blue,Red Snake,Wood,Blue White,n/a,n/a,Maroon,Rose Gold,Dark Blue,Oh Hi!,Like Ever!,12:01:37 AM,Screen,Hey Stephen,n/a,n/a,The Best Day,n/a,n/a,Phoebe Bridgers,n/a,n/a
23,Foxborough,N1,05/19/2023,MA,Gillette Stadium,Phoebe Bridgers,Gayle,Pink & Blue,Silver,Short Gold,Orange,Forest Green,Never Ever,Thick Straps,Black & Red,Pink,Black and Red Snakes,Green,Topaz,Topaz,Orange,Orange,n/a,n/a,n/a,n/a,n/a,n/a,Yellow,Lavender Gem,Silver,Lines,Yes,Magenta,Pink Gibson J-180,Silver Gibson J-180,Black Gibson J-45,none,Gibson Hummingbird,Taylor PS24CE,Blue-Purple,Clouds,Gold-Black,Wood,Red-Black,Black-Crystal,Purple-Blue,Red Snake,Wood,Blue White,n/a,n/a,Maroon,Rose Gold,Dark Blue,Oh Hi!,Like Ever!,12:03:14 AM,Screen,Should've Said No,n/a,n/a,Better Man,n/a,n/a,Phoebe Bridgers,n/a,n/a
24,Foxborough,N2,05/20/2023,MA,Gillette Stadium,Phoebe Bridgers,Gayle,Blue & Gold,Black,Long Gold,Orange,Forest Green,A Lot,Thick Straps,Black & Red,Champagne,Black and Red Snakes,Cream,Emerald,Emerald,Green,Green,n/a,n/a,n/a,n/a,n/a,n/a,Shamrock,Lavender Gem,Pink,Scallops,Yes,Multicolour,Blue Gibson J-180,Silver Gibson J-180,Black Gibson J-45,none,Gibson Hummingbird,Taylor PS24CE,Black,Black,Black,Black,Black,Black,Black,Black,Black,Black,n/a,n/a,Black,Black,Black,Oh Hi!,Like Ever!,12:02:34 AM,Screen,Question...?,n/a,n/a,Invisible,n/a,n/a,Phoebe Bridgers,n/a,n/a
25,Foxborough,N3,05/21/2023,MA,Gillette Stadium,Phoebe Bridgers,Gracie Abrams,Pink & Blue,Silver,Short Gold,Orange,Forest Green,Ew,Thick Straps,Black & Red,White Floral,Black and Red Snakes,Pink,Rubellite,Rubellite,Pink,Pink,n/a,n/a,n/a,n/a,n/a,n/a,Magenta,Lavender Gem,Lavender,Lines,Yes,Magenta,Purple Gibson J-180,Silver Gibson J-180,Black Gibson J-45,none,Gibson Hummingbird,Taylor PS24CE,Blue-Purple,Clouds,Gold-Black,Wood,Red-Black,Black-Crystal,Purple-Blue,Red Snake,Wood,Blue White,n/a,n/a,Maroon,Rose Gold,Dark Blue,Oh Hi!,Like Ever!,12:03:36 AM,Screen,I Think He Knows,Red,n/a,n/a,n/a,n/a,Phoebe Bridgers,n/a,n/a
26,East Rutherford,N1,05/26/2023,NJ,MetLife Stadium,Phoebe Bridgers,Gayle,Purple,Silver,Short Gold,Bronze Empire,Forest Green,Never Ever,Thick Straps,Black & Red,Silver,Black and Red Snakes,Cream,Rubellite,Rubellite,Pink,Pink,n/a,n/a,n/a,n/a,n/a,n/a,Magenta,Lavender Gem,Silver,Lines,Yes,None,Pink Gibson J-180,Silver Gibson J-180,Black Gibson J-45,none,Gibson Hummingbird,Taylor PS24CE,Blue-Purple,Clouds,Gold-Black,Wood,Red-Black,Black-Crystal,Purple-Blue,Red Snake,Wood,Blue White,n/a,n/a,Maroon,Rose Gold,Dark Blue,Oh Hi!,Like Ever!,12:02:50 AM,Screen,Getaway Car,n/a,n/a,Maroon,n/a,n/a,Jack Antonoff,Ice Spice,n/a
27,East Rutherford,N2,05/27/2023,NJ,MetLife Stadium,Phoebe Bridgers,Gracie Abrams,Pink & Blue,Silver,Long Silver,Orange,Forest Green,A Lot,Thick Straps,Black & Red,Pink,Black and Red Snakes,Green,Emerald,Emerald,Green,Green,n/a,n/a,n/a,n/a,n/a,n/a,Shamrock,Lavender Gem,Iridescent,Scallops,Yes,None,Blue Gibson J-180,Silver Gibson J-180,Black Gibson J-45,none,Gibson Hummingbird,Taylor PS24CE,Blue-Purple,Clouds,Gold-Black,Wood,Red-Black,Black-Crystal,Purple-Blue,Red Snake,Wood,Blue White,n/a,n/a,Maroon,Rose Gold,Dark Blue,Oh Hi!,Like Ever!,12:03:53 AM,Screen,Holy Ground,n/a,n/a,False God,n/a,n/a,Phoebe Bridgers,Ice Spice,n/a
28,East Rutherford,N3,05/28/2023,NJ,MetLife Stadium,Phoebe Bridgers,Owenn,Blue & Gold,Black,Long Silver,Bronze Empire,Forest Green,Ew,Thick Straps,Black & Red,White Floral,Black and Red Snakes,Mauve,Topaz,Topaz,Orange,Orange,n/a,n/a,n/a,n/a,n/a,n/a,Yellow,Lavender Gem,Lavender,Lines,Yes,None,Purple Gibson J-180,Silver Gibson J-180,Black Gibson J-45,none,Gibson Hummingbird,Taylor PS24CE,Blue-Purple,Clouds,Gold-Black,Wood,Red-Black,Black-Crystal,Purple-Blue,Red Snake,Wood,Blue White,n/a,n/a,Maroon,Rose Gold,Dark Blue,Oh Hi!,Like Ever!,12:02:14 AM,Screen,Welcome to New York,n/a,n/a,Clean,n/a,n/a,Phoebe Bridgers,Ice Spice,n/a
29,Chicago,N1,06/02/2023,IL,Soldier Field,Girl in Red,Owenn,Pink & Blue,Silver,Short Gold,Orange,Forest Green,Ew,Thick Straps,Black & Red,Champagne,Black and Red Snakes,Green,Rubellite,Rubellite,Pink,Pink,n/a,n/a,n/a,n/a,n/a,n/a,Magenta,Lavender Gem,Iridescent,Lines,Yes,Multicolour,Pink Gibson J-180,Silver Gibson J-180,Black Gibson J-45,none,Gibson Hummingbird,Taylor PS24CE,Blue-Purple,Clouds,Gold-Black,Wood,Red-Black,Black-Crystal,Purple-Blue,Red Snake,Wood,Blue White,n/a,n/a,Maroon,Rose Gold,Dark Blue,Oh Hi!,Like Ever!,12:02:41 AM,Screen,I Wish You Would,n/a,n/a,The Lakes,n/a,n/a,n/a,n/a,n/a
30,Chicago,N2,06/03/2023,IL,Soldier Field,Girl in Red,Owenn,Purple,Silver,Long Silver,Orange,Forest Green,A Lot,Thick Straps,Black & Red,Pink,Black and Red Snakes,Cream,Emerald,Emerald,Green,Green,n/a,n/a,n/a,n/a,n/a,n/a,Shamrock,Lavender Gem,Silver,Scallops,Yes,Magenta,Blue Gibson J-180,Silver Gibson J-180,Black Gibson J-45,none,Gibson Hummingbird,Taylor PS24CE,Blue-Purple,Clouds,Gold-Black,Wood,Red-Black,Black-Crystal,Purple-Blue,Red Snake,Wood,Blue White,n/a,n/a,Maroon,Rose Gold,Dark Blue,Oh Hi!,Like Ever!,12:01:42 AM,Screen,You All Over Me,n/a,n/a,I Don't Wanna Live Forever,n/a,n/a,Maren Morris,n/a,n/a
31,Chicago,N3,06/04/2023,IL,Soldier Field,Muna,Gracie Abrams,Blue & Gold,Black,Long Gold,Orange,Forest Green,Never Ever,Thick Straps,Black & Red,White Floral,Black and Red Snakes,Pink,Topaz,Topaz,Orange,Orange,n/a,n/a,n/a,n/a,n/a,n/a,Yellow,Lavender Gem,Pink,Lines,Yes,Multicolour,Purple Gibson J-180,Silver Gibson J-180,Black Gibson J-45,none,Gibson Hummingbird,Taylor PS24CE,Blue-Purple,Black,Gold-Black,Wood,Red-Black,Black-Crystal,Purple-Blue,Red Snake,Wood,Blue White,n/a,n/a,Maroon,Rose Gold,Dark Blue,Oh Hi!,Like Ever!,12:01:58 AM,Screen,Hits Different,n/a,n/a,The Moment I Knew,n/a,n/a,n/a,n/a,n/a
32,Detroit,N1,06/09/2023,MI,Ford Field,Girl in Red,Gracie Abrams,Pink & Blue,Silver,Short Gold,Orange,Forest Green,A Lot,Thick Straps,Black & Red,Champagne,Black and Red Snakes,Green,Rubellite,Rubellite,Pink,Pink,n/a,n/a,n/a,n/a,n/a,n/a,Magenta,Lavender Gem,Iridescent,Lines,Yes,Multicolour,Pink Gibson J-180,Silver Gibson J-180,Black Gibson J-45,none,Gibson Hummingbird,Taylor PS24CE,Blue-Purple,Clouds,Gold-Black,Wood,Red-Black,Black-Crystal,Purple-Blue,Red Snake,Wood,Blue White,n/a,n/a,Maroon,Rose Gold,Dark Blue,Oh Hi!,Like Ever!,12:01:17 AM,Screen,Haunted,n/a,n/a,I Almost Do,n/a,n/a,n/a,n/a,n/a
33,Detroit,N2,06/10/2023,MI,Ford Field,Girl in Red,Owenn,Blue & Gold,Black,Long Silver,Orange,Forest Green,Ew,Thick Straps,Black & Red,Pink,Black and Red Snakes,Cream,Topaz,Topaz,Orange,Orange,n/a,n/a,n/a,n/a,n/a,n/a,Yellow,Lavender Gem,Silver,Scallops,Yes,Magenta,Blue Gibson J-180,Silver Gibson J-180,Black Gibson J-45,none,Gibson Hummingbird,Taylor PS24CE,Blue-Purple,Clouds,Gold-Black,Wood,Red-Black,Black-Crystal,Purple-Blue,Red Snake,Wood,Blue White,n/a,n/a,Maroon,Rose Gold,Dark Blue,Oh Hi!,Like Ever!,12:01:49 AM,Screen,All You Had to Do Was Stay,n/a,n/a,Breathe,n/a,n/a,n/a,n/a,n/a
34,Pittsburgh,N1,06/16/2023,PA,Acrisure Stadium,Girl in Red,Gracie Abrams,Pink & Blue,Silver,Long Silver,Orange,Forest Green,Never Ever,Thick Straps,Black & Red,Champagne,Black and Red Snakes,Green,Topaz,Topaz,Orange,Orange,n/a,n/a,n/a,n/a,n/a,n/a,Yellow,Lavender Gem,Iridescent,Lines,Yes,Magenta,Pink Gibson J-180,Silver Gibson J-180,Black Gibson J-45,none,Gibson Hummingbird,Taylor PS24CE,Blue-Purple,Clouds,Gold-Black,Wood,Red-Black,Black-Crystal,Purple-Blue,Red Snake,Wood,Blue White,n/a,n/a,Maroon,Rose Gold,Dark Blue,Oh Hi!,Like Ever!,12:01:53 AM,Screen,Mr. Perfectly Fine,n/a,n/a,The Last Time,n/a,n/a,n/a,n/a,n/a
35,Pittsburgh,N2,06/17/2023,PA,Acrisure Stadium,Girl in Red,Owenn,Blue & Gold,Black,Short Gold,Orange,Forest Green,Ew,Thick Straps,Black & Red,Pink,Black and Red Snakes,Cream,Rubellite,Rubellite,Pink,Pink,n/a,n/a,n/a,n/a,n/a,n/a,Magenta,Lavender Gem,Silver,Scallops,Yes,Multicolour,Blue Gibson J-180,Silver Gibson J-180,Black Gibson J-45,none,Gibson Hummingbird,Taylor PS24CE,Blue-Purple,Clouds,Gold-Black,Wood,Red-Black,Black-Crystal,Purple-Blue,Red Snake,Wood,Blue White,n/a,n/a,Maroon,Rose Gold,Dark Blue,Oh Hi!,Like Ever!,12:01:45 AM,Screen,The Story of Us,n/a,n/a,Seven,n/a,n/a,Aaron Dessner,n/a,n/a
36,Minneapolis,N1,06/23/2023,MN,U.S. Bank Stadium,Girl in Red,Gracie Abrams,Blue & Gold,Black,Short Gold,Orange,Forest Green,Ew,Thick Straps,Black & Red,Champagne,Red & Black Snakes,Mauve,Emerald,Emerald,Green,Green,n/a,n/a,n/a,n/a,n/a,n/a,Shamrock,Lavender Gem,Pink,Scallops,Yes,Multicolour,Pink Gibson J-180,Silver Gibson J-180,Black Gibson J-45,none,Gibson Hummingbird,Taylor PS24CE,Blue-Purple,Clouds,Gold-Black,Wood,Red-Black,Black-Crystal,Purple-Blue,Red Snake,Wood,Blue White,n/a,n/a,Maroon,Rose Gold,Dark Blue,Oh Hi!,Like Ever!,12:01:25 AM,Screen,Paper Rings,n/a,n/a,If This Was a Movie,n/a,n/a,n/a,n/a,n/a
37,Minneapolis,N2,06/24/2023,MN,U.S. Bank Stadium,Girl in Red,Owenn,Purple,Silver,Long Silver,Orange,Forest Green,A Lot,Thick Straps,Black & Red,Pink,Red & Black Snakes,Pink,Rubellite,Rubellite,Pink,Pink,n/a,n/a,n/a,n/a,n/a,n/a,Magenta,Lavender Gem,Iridescent,Lines,Yes,Magenta,Purple Gibson J-180,Silver Gibson J-180,Black Gibson J-45,none,Gibson Hummingbird,Taylor PS24CE,Blue-Purple,Clouds,Gold-Black,Wood,Red-Black,Black-Crystal,Purple-Blue,Red Snake,Wood,Blue White,n/a,n/a,Maroon,Rose Gold,Dark Blue,Oh Hi!,Like Ever!,12:02:16 AM,Screen,Dear John,n/a,n/a,Daylight,n/a,n/a,n/a,n/a,n/a
38,Cincinnati,N1,06/30/2023,OH,Paycor Stadium,Muna,Gracie Abrams,Pink & Blue,Silver,Short Gold,Orange,Forest Green,A Lot,Thick Straps,Black & Red,Silver,Red & Black Snakes,Cream,Rubellite,Rubellite,Pink,Pink,n/a,n/a,n/a,n/a,n/a,n/a,Magenta,Lavender Gem,Iridescent,Scallops,Yes,Magenta,Pink Gibson J-180,Silver Gibson J-180,Black Gibson J-45,none,Gibson Hummingbird,Taylor PS24CE,Blue-Purple,Clouds,Gold-Black,Wood,Red-Black,Black-Crystal,Purple-Blue,Red Snake,Wood,Blue White,n/a,n/a,Maroon,Rose Gold,Dark Blue,Oh Hi!,Like Ever!,12:01:47 AM,Screen,I'm Only Me When I'm with You,n/a,n/a,Evermore,n/a,n/a,n/a,n/a,n/a
39,Cincinnati,N2,07/01/2023,OH,Paycor Stadium,Muna,n/a,Blue & Gold,Black,Long Silver,Orange,Forest Green,Ew,Thick Straps,Black & Red,Pink,Red & Black Snakes,Green,Topaz,Topaz,Orange,Orange,n/a,n/a,n/a,n/a,n/a,n/a,Yellow,Lavender Gem,Silver,Lines,Yes,Multicolour,Blue Gibson J-180,Silver Gibson J-180,Black Gibson J-45,none,Gibson Hummingbird,Taylor PS24CE,Black,Black,Black,Black,Black,Black,Black,Black,Black,Black,n/a,n/a,Black,Black,Black,Oh Hi!,Like Ever!,12:00:56 AM,Screen,Ivy,"I Miss You, I'm Sorry",n/a,Call It What You Want,n/a,n/a,Aaron Dessner,Gracie Abrams,n/a
40,Kansas City,N1,07/07/2023,MO,Arrowhead Stadium,Muna,Gracie Abrams,Purple,Silver,Long Gold,Orange,Forest Green,Never Ever,Thick Straps,Black & Red,Lavender Cupcake,Red & Black Snakes,Mauve,Topaz,Topaz,Orange,Orange,n/a,n/a,n/a,n/a,n/a,n/a,Yellow,Lavender Gem,Orchid,Scallops,Yes,Multicolour,Purple Gibson J-180,Silver Gibson J-180,Black Gibson J-45,Taylor Grand Symphony Living Jewels Koi Fish,Gibson Hummingbird,Taylor PS24CE,Blue-Purple,Clouds,Gold-Black,Wood,Red-Black,Black-Crystal,Purple-Blue,Red Snake,Wood,Blue White,n/a,n/a,Maroon,Rose Gold,Dark Blue,Oh Hi!,Like Ever!,12:01:14 AM,Screen,Never Grow Up,n/a,n/a,When Emma Falls in Love,n/a,n/a,Taylor Launtner,Joey King,Presley Cash
41,Kansas City,N2,07/08/2023,MO,Arrowhead Stadium,Muna,Gracie Abrams,Pink & Blue,Silver,Short Gold,Orange,Forest Green,A Lot,Thick Straps,Black & Red,Lavender Cupcake,Red & Black Snakes,Green,Rubellite,Rubellite,Pink,Pink,n/a,n/a,n/a,n/a,n/a,n/a,Magenta,Lavender Gem,Lavender,Lines,Yes,Multicolour,Blue Gibson J-180,Silver Gibson J-180,Black Gibson J-45,Taylor Grand Symphony Living Jewels Koi Fish,Gibson Hummingbird,Taylor PS24CE,Blue-Purple,Clouds,Gold-Black,Wood,Red-Black,Black-Crystal,Purple-Blue,Red Snake,Wood,Blue White,n/a,n/a,Maroon,Rose Gold,Dark Blue,Oh Hi!,Like Ever!,12:01:43 AM,Screen,Last Kiss,n/a,n/a,Dorothea,n/a,n/a,n/a,n/a,n/a
42,Denver,N1,07/14/2023,CO,Empower Field at Mile High,Muna,Gracie Abrams,Blue & Gold,Black,Long Silver,Orange,Forest Green,A Lot,Thick Straps,Black & Red,Pink,Red & Black Snakes,Pink,Emerald,Emerald,Green,Green,n/a,n/a,n/a,n/a,n/a,n/a,Shamrock,Lavender Gem,Iridescent,Lines,Yes,Blue,Blue Gibson J-180,Silver Gibson J-180,Black Gibson J-45,Taylor Grand Symphony Living Jewels Koi Fish,Gibson Hummingbird,Taylor PS24CE,Blue-Purple,Clouds,Gold-Black,Wood,Red-Black,Black-Crystal,Purple-Blue,Red Snake,Wood,Blue White,n/a,n/a,Maroon,Rose Gold,Dark Blue,Oh Hi!,Like Ever!,12:01:40 AM,Screen,Picture to Burn,n/a,n/a,Timeless,n/a,n/a,n/a,n/a,n/a
43,Denver,N2,07/15/2023,CO,Empower Field at Mile High,Muna,Gracie Abrams,Pink & Blue,Silver,Short Gold,Orange,Forest Green,Ew,Thick Straps,Black & Red,Champagne,Red & Black Snakes,Cream,Rubellite,Rubellite,Pink,Pink,n/a,n/a,n/a,n/a,n/a,n/a,Magenta,Lavender Gem,Silver,Scallops,Yes,Multicolour,Pink Gibson J-180,Silver Gibson J-180,Black Gibson J-45,Taylor Grand Symphony Living Jewels Koi Fish,Gibson Hummingbird,Taylor PS24CE,Blue-Purple,Clouds,Gold-Black,Wood,Red-Black,Black-Crystal,Purple-Blue,Red Snake,Wood,Blue White,n/a,n/a,Maroon,Rose Gold,Dark Blue,Oh Hi!,Like Ever!,12:01:26 AM,Screen,Starlight,n/a,n/a,Back to December,n/a,n/a,n/a,n/a,n/a
44,Seattle,N1,07/22/2023,WA,Lumen Field,Haim,Gracie Abrams,Pink & Blue,Silver,Long Silver,Bronze Fitted,Forest Green,Ew,Thick Straps,Black & Red,Champagne,Red & Black Snakes,Cream,Rubellite,Rubellite,Pink,Pink,n/a,n/a,n/a,n/a,n/a,n/a,Magenta,Lavender Gem,Iridescent,Scallops,Yes,Magenta,Pink Gibson J-180,Silver Gibson J-180,Black Gibson J-45,Taylor Grand Symphony Living Jewels Koi Fish,Gibson Hummingbird,Taylor PS24CE,Blue-Purple,Clouds,Gold-Black,Wood,Red-Black,Black-Crystal,Purple-Blue,Red Snake,Wood,Blue White,n/a,n/a,Maroon,Rose Gold,Dark Blue,Oh Hi!,Like Ever!,12:01:40 AM,Screen,This Is Why We Can't Have Nice Things,n/a,n/a,Everything Has Changed,n/a,n/a,Haim,n/a,n/a
45,Seattle,N2,07/23/2023,WA,Lumen Field,Haim,Gracie Abrams,Pink & Blue,Black,Short Gold,Orange,Forest Green,A Lot,Thick Straps,Black & Red,Pink,Red & Black Snakes,Green,Topaz,Topaz,Orange,Orange,n/a,n/a,n/a,n/a,n/a,n/a,Yellow,Lavender Gem,Silver,Lines,Yes,Blue,Blue Gibson J-180,Silver Gibson J-180,Black Gibson J-45,Taylor Grand Symphony Living Jewels Koi Fish,Gibson Hummingbird,Taylor PS24CE,Blue-Purple,Clouds,Gold-Black,Wood,Red-Black,Black-Crystal,Purple-Blue,Red Snake,Wood,Blue White,n/a,n/a,Maroon,Rose Gold,Dark Blue,Oh Hi!,Like Ever!,12:01:27 AM,Screen,Message in a Bottle,n/a,n/a,Tied Together with a Smile,n/a,n/a,Haim,n/a,n/a
46,Santa Clara,N1,07/28/2023,CA,Levi's Stadium,Haim,Gracie Abrams,Pink & Blue,Black,Long Silver,Orange,Forest Green,A Lot,Thick Straps,Black & Red,Lavender Cupcake,Red & Black Snakes,Pink,Topaz,Topaz,Orange,Orange,n/a,n/a,n/a,n/a,n/a,n/a,Yellow,Lavender Gem,Iridescent,Scallops,Yes,Magenta,Pink Gibson J-180,Silver Gibson J-180,Black Gibson J-45,Taylor Grand Symphony Living Jewels Koi Fish,Gibson Hummingbird,Taylor PS24CE,Blue-Purple,Clouds,Gold-Black,Wood,Red-Black,Black-Crystal,Purple-Blue,Red Snake,Wood,Blue White,n/a,n/a,Maroon,Rose Gold,Dark Blue,Oh Hi!,Like Ever!,12:04:01 AM,Screen,Right Where You Left Me,n/a,n/a,Castles Crumbling,n/a,n/a,Aaron Dessner,Haim,n/a
47,Santa Clara,N2,07/29/2023,CA,Levi's Stadium,Haim,Gracie Abrams,Blue & Gold,Black,Short Gold,Bronze Fitted,Forest Green,Ew,Thick Straps,Black & Red,Lavender Cupcake,Red & Black Snakes,Cream,Rubellite,Rubellite,Pink,Pink,n/a,n/a,n/a,n/a,n/a,n/a,Magenta,Lavender Gem,Orchid,Lines,Yes,Blue,Blue Gibson J-180,Silver Gibson J-180,Black Gibson J-45,Taylor Grand Symphony Living Jewels Koi Fish,Gibson Hummingbird,Taylor PS24CE,Blue-Purple,Clouds,Gold-Black,Wood,Red-Black,Black-Crystal,Purple-Blue,Red Snake,Wood,Blue White,n/a,n/a,Maroon,Rose Gold,Dark Blue,Oh Hi!,Like Ever!,12:03:06 AM,Screen,Stay Stay Stay,n/a,n/a,All of the Girls You Loved Before,n/a,n/a,Haim,n/a,n/a
48,Los Angeles,N1,08/03/2023,CA,SoFi Stadium,Haim,Gracie Abrams,Pink & Blue,Silver,Short Gold,Yellow,Forest Green,A Lot,Thick Straps,Black & Red,Lavender Cupcake,Red & Black Snakes,Cream,Rubellite,Rubellite,Pink,Pink,n/a,n/a,n/a,n/a,n/a,n/a,Magenta,Lavender Gem,Iridescent,Scallops,Yes,Blue,Pink Gibson J-180,Silver Gibson J-180,Black Gibson J-45,Taylor Grand Symphony Living Jewels Koi Fish,Gibson Hummingbird,Taylor PS24CE,Blue-Purple,Clouds,Gold-Black,Wood,Red-Black,Black-Crystal,Purple-Blue,Red Snake,Wood,Blue White,n/a,n/a,Maroon,Rose Gold,Dark Blue,Oh Hi!,Like Ever!,12:02:14 AM,Screen,I Can See You,n/a,n/a,Maroon,n/a,n/a,Haim,n/a,n/a
49,Los Angeles,N2,08/04/2023,CA,SoFi Stadium,Haim,Owenn,Pink & Blue,Silver,Short Gold,Yellow,Forest Green,A Lot,Thick Straps,Black & Red,Lavender Cupcake,Red & Black Snakes,Cream,Rubellite,Rubellite,Pink,Pink,n/a,n/a,n/a,n/a,n/a,n/a,Magenta,Lavender Gem,Iridescent,Scallops,Yes,Blue,Purple Gibson J-180,Silver Gibson J-180,Black Gibson J-45,Taylor Grand Symphony Living Jewels Koi Fish,Gibson Hummingbird,Taylor PS24CE,Blue-Purple,Clouds,Gold-Black,Wood,Red-Black,Black-Crystal,Purple-Blue,Red Snake,Wood,Blue White,n/a,n/a,Maroon,Rose Gold,Dark Blue,Oh Hi!,Like Ever!,12:02:30 AM,Screen,Our Song,n/a,n/a,You Are in Love,n/a,n/a,Haim,n/a,n/a
50,Los Angeles,N3,08/05/2023,CA,SoFi Stadium,Haim,Gayle,Pink & Blue,Silver,Short Gold,Yellow,Forest Green,A Lot,Thick Straps,Black & Red,Lavender Cupcake,Red & Black Snakes,Cream,Rubellite,Rubellite,Pink,Pink,n/a,n/a,n/a,n/a,n/a,n/a,Magenta,Lavender Gem,Iridescent,Scallops,Yes,Blue,Blue Gibson J-180,Silver Gibson J-180,Black Gibson J-45,Taylor Grand Symphony Living Jewels Koi Fish,Gibson Hummingbird,Taylor PS24CE,Blue-Purple,Clouds,Gold-Black,Wood,Red-Black,Black-Crystal,Purple-Blue,Red Snake,Wood,Blue White,n/a,n/a,Maroon,Rose Gold,Dark Blue,Oh Hi!,Like Ever!,12:02:12 AM,Screen,Death by a Thousand Cuts,n/a,n/a,"You're on Your Own, Kid",n/a,n/a,Haim,n/a,n/a
51,Los Angeles,N4,08/07/2023,CA,SoFi Stadium,Haim,Gracie Abrams,Blue & Gold,Black,Long Silver,Bronze Fitted,Forest Green,Ew,Thick Straps,Black & Red,Champagne,Red & Black Snakes,Mauve,Topaz,Topaz,Orange,Orange,n/a,n/a,n/a,n/a,n/a,n/a,Yellow,Lavender Gem,Orchid,Lines,Yes,Magenta,Blue Gibson J-180,Silver Gibson J-180,Black Gibson J-45,Taylor Grand Symphony Living Jewels Koi Fish,Gibson Hummingbird,Taylor PS24CE,Blue-Purple,Clouds,Gold-Black,Wood,Red-Black,Black-Crystal,Purple-Blue,Red Snake,Wood,Blue White,n/a,n/a,Maroon,Rose Gold,Dark Blue,Oh Hi!,Like Ever!,12:02:15 AM,Screen,Dress,n/a,n/a,Exile,n/a,n/a,Haim,n/a,n/a
52,Los Angeles,N5,08/08/2023,CA,SoFi Stadium,Haim,Gracie Abrams,Purple,Indigo,Long Gold,Orange,Forest Green,Never Ever,Thick Straps,Black & Red,Lavender Cupcake,Red & Black Snakes,Green,Emerald,Emerald,Green,Green,n/a,n/a,n/a,n/a,n/a,n/a,Shamrock,Lavender Gem,Silver,Cutout,Yes,Blue,Purple Gibson J-180,Silver Gibson J-180,Black Gibson J-45,Taylor Grand Symphony Living Jewels Koi Fish,Gibson Hummingbird,Taylor PS24CE,Blue-Purple,Clouds,Gold-Black,Wood,Red-Black,Black-Crystal,Purple-Blue,Red Snake,Wood,Blue White,n/a,n/a,Maroon,Rose Gold,Dark Blue,Oh Hi!,Like Ever!,12:08:00 AM,Screen,I Know Places,n/a,n/a,King of My Heart,n/a,n/a,Haim,n/a,n/a
53,Los Angeles,N6,08/09/2023,CA,SoFi Stadium,Haim,Gayle,Pink & Blue,Silver,Short Gold,Yellow,Forest Green,A Lot,Thick Straps,Black & Red,Blue,Red & Black Snakes,Blue,Sapphire,Sapphire,Blue,Blue,n/a,n/a,n/a,n/a,n/a,n/a,Cerulean,Lavender Gem,Blue,Cutout,Yes,Blue,Pink Gibson J-180,Silver Gibson J-180,Black Gibson J-45,Taylor Grand Symphony Living Jewels Koi Fish,Gibson Hummingbird,Taylor PS24CE,Blue-Purple,Clouds,Gold-Black,Wood,Red-Black,Black-Crystal,Purple-Blue,Red Snake,Wood,Blue White,n/a,n/a,Maroon,Rose Gold,Dark Blue,Oh Hi!,Like Ever!,12:08:20 AM,Screen,New Romantics,n/a,n/a,New Year's Day,n/a,n/a,Haim,n/a,n/a
54,Mexico City,N1,08/24/2023,MX,Foro Sol,Sabrina Carpenter,n/a,Pink & Blue,Silver,Short Gold,Yellow,Forest Green,A Lot,Thick Straps,Black & Red,Lavender Cupcake,Red & Black Snakes,Cream,Sapphire,Sapphire,Blue,Blue,n/a,n/a,n/a,n/a,n/a,n/a,Cerulean,Lavender Gem,Iridescent,Scallops,Yes,Blue,Pink Gibson J-180,Silver Gibson J-180,Black Gibson J-45,Taylor Grand Symphony Living Jewels Koi Fish,Gibson Hummingbird,Taylor PS24CE,Blue-Purple,Clouds,Gold-Black,Wood,Red-Black,Black-Crystal,Purple-Blue,Red Snake,Wood,Blue White,n/a,n/a,Maroon,Rose Gold,Dark Blue,Oh Hi!,Nunca!,12:02:39 AM,Screen,I Forgot That You Existed,n/a,n/a,Sweet Nothing,n/a,n/a,n/a,n/a,n/a
55,Mexico City,N2,08/25/2023,MX,Foro Sol,Sabrina Carpenter,n/a,Blue & Gold,Black,Long Silver,Bronze Fitted,Forest Green,Ew,Thick Straps,Black & Red,Blue,Red & Black Snakes,Green,Rubellite,Rubellite,Pink,Pink,n/a,n/a,n/a,n/a,n/a,n/a,Magenta,Lavender Gem,Orchid,Cutout,Yes,Magenta,Blue Gibson J-180,Silver Gibson J-180,Black Gibson J-45,Taylor Grand Symphony Living Jewels Koi Fish,Gibson Hummingbird,Taylor PS24CE,Blue-Purple,Clouds,Gold-Black,Wood,Red-Black,Black-Crystal,Purple-Blue,Red Snake,Wood,Blue White,n/a,n/a,Maroon,Rose Gold,Dark Blue,Oh Hi!,Like Nunca!,12:01:55 AM,Screen,Tell Me Why,n/a,n/a,Snow on the Beach,n/a,n/a,n/a,n/a,n/a
56,Mexico City,N3,08/26/2023,MX,Foro Sol,Sabrina Carpenter,n/a,Purple,Indigo,Long Gold,Orange,Forest Green,Never Ever,Thick Straps,Black & Red,Champagne,Red & Black Snakes,Blue,Emerald,Emerald,Green,Green,n/a,n/a,n/a,n/a,n/a,n/a,Shamrock,Lavender Gem,Lavender,Lines,Yes,Multicolour,Purple Gibson J-180,Silver Gibson J-180,Black Gibson J-45,Taylor Grand Symphony Living Jewels Koi Fish,Gibson Hummingbird,Taylor PS24CE,Blue-Purple,Clouds,Gold-Black,Wood,Red-Black,Black-Crystal,Purple-Blue,Red Snake,Wood,Blue White,n/a,n/a,Maroon,Rose Gold,Dark Blue,Oh Hi!,Like Nunca!,12:02:02 AM,Screen,Cornelia Street,n/a,n/a,"You're on Your Own, Kid",n/a,n/a,n/a,n/a,n/a
57,Mexico City,N4,08/27/2023,MX,Foro Sol,Sabrina Carpenter,n/a,Pink & Blue,Silver,Short Gold,Yellow,Forest Green,A Lot,Thick Straps,Black & Red,Lavender Cupcake,Red & Black Snakes,Pink,Topaz,Topaz,Orange,Orange,n/a,n/a,n/a,n/a,n/a,n/a,Yellow,Lavender Gem,Pink,Scallops,Yes,Blue,Purple Gibson J-180,Silver Gibson J-180,Black Gibson J-45,Taylor Grand Symphony Living Jewels Koi Fish,Gibson Hummingbird,Taylor PS24CE,Blue-Purple,Clouds,Gold-Black,Wood,Red-Black,Black-Crystal,Purple-Blue,Red Snake,Wood,Blue White,n/a,n/a,Maroon,Rose Gold,Dark Blue,Oh Hi!,Like Nunca!,12:01:38 AM,Screen,Afterglow,n/a,n/a,Maroon,n/a,n/a,n/a,n/a,n/a
58,Buenos Aires,N1,11/09/2023,AR,Estadio River Plate,Louta,Sabrina Carpenter,All Pink,Pink,Long Gold,Orange,Forest Green,Never Ever,Thick Straps,Black & Red,Lavender Cupcake,Red & Black Snakes,Green,Sapphire,Sapphire,Blue,Blue,n/a,n/a,n/a,n/a,n/a,n/a,Cerulean,Lavender Gem,Iridescent,Lines,Yes,Blue,Pink Gibson J-180,Silver Gibson J-180,Black Gibson J-45,Taylor Grand Symphony Living Jewels Koi Fish,Gibson Hummingbird,Taylor PS24CE,Blue-Purple,Clouds,Gold-Black,Wood,Red-Black,Black-Crystal,Purple-Blue,Red Snake,Wood,Blue White,n/a,n/a,Maroon,Rose Gold,Dark Blue,¡Hola!,Ni en Pedo!,12:02:26 AM,Screen,The Very First Night,n/a,n/a,Labyrinth,n/a,n/a,n/a,n/a,n/a
59,Buenos Aires,N2,11/11/2023,AR,Estadio River Plate,Louta,Sabrina Carpenter,Pink & Blue,Silver,Short Gold,Orange,Forest Green,A Lot,Thick Straps,Black & Red,Champagne,Red & Black Snakes,Blue,Rubellite,Rubellite,Pink,Pink,n/a,n/a,n/a,n/a,n/a,n/a,Magenta,Lavender Gem,Orchid,Scallops,Yes,Magenta,Pink Gibson J-180,Silver Gibson J-180,Black Gibson J-45,Taylor Grand Symphony Living Jewels Koi Fish,Gibson Hummingbird,Taylor PS24CE,Blue-Purple,Clouds,Gold-Black,Wood,Red-Black,Black-Crystal,Purple-Blue,Red Snake,Wood,Blue White,n/a,n/a,Maroon,Rose Gold,Dark Blue,¡Hola!,Ni en Pedo!,12:00:23 AM,Chiefs,Is It Over Now?,Out of the Woods,n/a,End Game,n/a,n/a,n/a,n/a,n/a
60,Buenos Aires,N3,11/12/2023,AR,Estadio River Plate,Louta,Sabrina Carpenter,Blue & Gold,Black,Long Silver,Yellow,Forest Green,Ew,Thick Straps,Black & Red,Blue,Red & Black Snakes,Cream,Topaz,Topaz,Orange,Orange,n/a,n/a,n/a,n/a,n/a,n/a,Yellow,Lavender Gem,Iridescent,Cutout,Yes,Blue,Blue Gibson J-180,Silver Gibson J-180,Black Gibson J-45,Taylor Grand Symphony Living Jewels Koi Fish,Gibson Hummingbird,Taylor PS24CE,Blue-Purple,Clouds,Gold-Black,Wood,Red-Black,Black-Crystal,Purple-Blue,Red Snake,Wood,Blue White,n/a,n/a,Maroon,Rose Gold,Dark Blue,¡Hola!,Ni a Palos!,12:02:27 AM,Screen,Better than Revenge,n/a,n/a,'Slut!',n/a,n/a,n/a,n/a,n/a
61,Rio de Janeiro,N1,11/17/2023,BR,Estádio Olímpico Nilton Santos,Sabrina Carpenter,n/a,All Pink,Pink,Long Silver,Yellow,Forest Green,Ew,Thick Straps,Black & Red,Blue,Red & Black Snakes,Green,Topaz,Topaz,Orange,Orange,n/a,n/a,n/a,n/a,n/a,n/a,Yellow,Lavender Gem,Blue,Cutout,Yes,Magenta,Pink Gibson J-180,Silver Gibson J-180,Black Gibson J-45,Taylor Grand Symphony Living Jewels Koi Fish,Gibson Hummingbird,Taylor PS24CE,Blue-Purple,Clouds,Gold-Black,Wood,Red-Black,Black-Crystal,Purple-Blue,Red Snake,Wood,Blue White,n/a,n/a,Maroon,Rose Gold,Dark Blue,Olá!,Nem Fodendo!,12:00:31 AM,Screen,Stay Beautiful,n/a,n/a,Suburban Legends,n/a,n/a,n/a,n/a,n/a
62,Rio de Janeiro,N2,11/19/2023,BR,Estádio Olímpico Nilton Santos,Sabrina Carpenter,n/a,Pink & Blue,Silver,Short Gold,Bronze Fitted,Forest Green,A Lot,Thick Straps,Black & Red,Champagne,Red & Black Snakes,Pink,Sapphire,Sapphire,Blue,Blue,n/a,n/a,n/a,n/a,n/a,n/a,Cerulean,Lavender Gem,Pink,Scallops,Yes,Magenta,Pink Gibson J-180,Silver Gibson J-180,Black Gibson J-45,Taylor Grand Symphony Living Jewels Koi Fish,Gibson Hummingbird,Taylor PS24CE,Black,Black,Black,Black,Black,Black,Black,Black,Black,Black,n/a,n/a,Black,Black,Black,Olá!,Nem Fodendo!,12:01:58 AM,Screen,Dancing With Our Hands Tied,n/a,n/a,Bigger Than the Whole Sky,n/a,n/a,n/a,n/a,n/a
63,Rio de Janeiro,N3,11/20/2023,BR,Estádio Olímpico Nilton Santos,Sabrina Carpenter,n/a,Purple,Indigo,Long Gold,Orange,Forest Green,Never Ever,Thick Straps,Black & Red,Lavender Cupcake,Red & Black Snakes,Cream,Emerald,Emerald,Green,Green,n/a,n/a,n/a,n/a,n/a,n/a,Shamrock,Lavender Gem,Orchid,Cutout,Yes,Blue,Purple Gibson J-180,Silver Gibson J-180,Black Gibson J-45,Taylor Grand Symphony Living Jewels Koi Fish,Gibson Hummingbird,Taylor PS24CE,Blue-Purple,Clouds,Gold-Black,Wood,Red-Black,Black-Crystal,Purple-Blue,Red Snake,Wood,Blue White,n/a,n/a,Maroon,Rose Gold,Dark Blue,Olá!,Nem Fodendo!,12:00:17 AM,Screen,Me!,n/a,n/a,So It Goes...,n/a,n/a,n/a,n/a,n/a
64,São Paulo,N1,11/24/2023,BR,Allianz Parque,Sabrina Carpenter,n/a,Pink & Blue,Silver,Long Silver,Yellow,Forest Green,Ew,Thick Straps,Black & Red,Champagne,Red & Black Snakes,Mauve,Sapphire,Sapphire,Blue,Blue,n/a,n/a,n/a,n/a,n/a,n/a,Cerulean,Lavender Gem,Orchid,Cutout,Yes,Multicolour,Pink Gibson J-180,Silver Gibson J-180,Black Gibson J-45,Taylor Grand Symphony Living Jewels Koi Fish,Gibson Hummingbird,Taylor PS24CE,Blue-Purple,Clouds,Gold-Black,Wood,Red-Black,Black-Crystal,Purple-Blue,Red Snake,Wood,Blue White,n/a,n/a,Maroon,Rose Gold,Dark Blue,Olá!,Nem Fodendo!,12:01:22 AM,Screen,Now That We Don't Talk,n/a,n/a,Innocent,n/a,n/a,n/a,n/a,n/a
65,São Paulo,N2,11/25/2023,BR,Allianz Parque,Sabrina Carpenter,n/a,Blue & Gold,Black,Short Gold,Orange,Forest Green,A Lot,Thick Straps,Black & Red,Pink,Red & Black Snakes,Blue,Topaz,Topaz,Orange,Orange,n/a,n/a,n/a,n/a,n/a,n/a,Yellow,Lavender Gem,Iridescent,Scallops,Yes,Magenta,Blue Gibson J-180,Silver Gibson J-180,Black Gibson J-45,Taylor Grand Symphony Living Jewels Koi Fish,Gibson Hummingbird,Taylor PS24CE,Blue-Purple,Clouds,Gold-Black,Wood,Red-Black,Black-Crystal,Purple-Blue,Red Snake,Wood,Blue White,n/a,n/a,Maroon,Rose Gold,Dark Blue,Olá!,Nem Fodendo!,12:01:43 AM,Screen,Safe & Sound,n/a,n/a,Untouchable,n/a,n/a,n/a,n/a,n/a
66,São Paulo,N3,11/26/2023,BR,Allianz Parque,Sabrina Carpenter,n/a,All Pink,Pink,Long Gold,Bronze Fitted,Forest Green,Never Ever,Thick Straps,Black & Red,Lavender Cupcake,Red & Black Snakes,Cream,Emerald,Emerald,Green,Green,n/a,n/a,n/a,n/a,n/a,n/a,Shamrock,Lavender Gem,Blue,Cutout,Yes,Blue,Pink Gibson J-180,Silver Gibson J-180,Black Gibson J-45,Taylor Grand Symphony Living Jewels Koi Fish,Gibson Hummingbird,Taylor PS24CE,Blue-Purple,Clouds,Gold-Black,Wood,Red-Black,Black-Crystal,Purple-Blue,Red Snake,Wood,Blue White,n/a,n/a,Maroon,Rose Gold,Dark Blue,Olá!,Nem Fodendo!,12:01:18 AM,Screen,Say Don't Go,n/a,n/a,It's Time to Go,n/a,n/a,n/a,n/a,n/a
67,Tokyo,N1,02/07/2024,JP,Tokyo Dome,n/a,n/a,Pink & Blue,Silver,Short Gold,Orange,Forest Green,Ew,Thick Straps,Black & Red,Lavender Cupcake,Red & Black Snakes,Cream,Sapphire,Sapphire,Blue,Blue,n/a,n/a,n/a,n/a,n/a,n/a,Cerulean,Lavender Gem,Orchid,Scallops,Yes,Blue,Pink Gibson J-180,Silver Gibson J-180,Black Gibson J-45,Taylor Grand Symphony Living Jewels Koi Fish,Gibson Hummingbird,Taylor PS24CE,Blue-Purple,Clouds,Gold-Black,Wood,Red-Black,Black-Crystal,Purple-Blue,Red Snake,Wood,Blue White,n/a,n/a,Maroon,Rose Gold,Dark Blue,Konbanwa!,Arienai!,12:00:43 AM,Screen,Dear Reader,n/a,n/a,Holy Ground,n/a,n/a,n/a,n/a,n/a
68,Tokyo,N2,02/08/2024,JP,Tokyo Dome,n/a,n/a,Blue & Gold,Black,Long Silver,Bronze Fitted,Forest Green,A Lot,Thick Straps,Black & Red,Champagne,Red & Black Snakes,Green,Topaz,Topaz,Orange,Orange,n/a,n/a,n/a,n/a,n/a,n/a,Yellow,Lavender Gem,Iridescent,Scallops,Yes,Magenta,Blue Gibson J-180,Silver Gibson J-180,Black Gibson J-45,Taylor Grand Symphony Living Jewels Koi Fish,Gibson Hummingbird,Taylor PS24CE,Blue-Purple,Clouds,Gold-Black,Wood,Red-Black,Black-Crystal,Purple-Blue,Red Snake,Wood,Blue White,n/a,n/a,Maroon,Rose Gold,Dark Blue,Konbanwa!,Zettai Nai!,12:00:57 AM,Screen,Eyes Open,n/a,n/a,Electric Touch,n/a,n/a,n/a,n/a,n/a
69,Tokyo,N3,02/09/2024,JP,Tokyo Dome,n/a,n/a,Purple,Indigo,Long Gold,Yellow,Forest Green,Never Ever,Thick Straps,Black & Red,Pink,Red & Black Snakes,Pink,Rubellite,Rubellite,Pink,Pink,n/a,n/a,n/a,n/a,n/a,n/a,Magenta,Lavender Gem,Lavender,Lines,Yes,Multicolour,Purple Gibson J-180,Silver Gibson J-180,Black Gibson J-45,Taylor Grand Symphony Living Jewels Koi Fish,Gibson Hummingbird,Taylor PS24CE,Blue-Purple,Clouds,Gold-Black,Wood,Red-Black,Black-Crystal,Purple-Blue,Red Snake,Wood,Blue White,n/a,n/a,Maroon,Rose Gold,Dark Blue,Konbanwa!,Maji Muri!,12:00:43 AM,Screen,Superman,n/a,n/a,The Outside,n/a,n/a,n/a,n/a,n/a
70,Tokyo,N4,02/10/2024,JP,Tokyo Dome,n/a,n/a,All Pink,Pink,Short Gold,Orange,Forest Green,A Lot,Thick Straps,Black & Red,Blue,Red & Black Snakes,Blue,Emerald,Emerald,Green,Green,n/a,n/a,n/a,n/a,n/a,n/a,Shamrock,Lavender Gem,Blue,Cutout,Yes,Blue,Pink Gibson J-180,Silver Gibson J-180,Black Gibson J-45,Taylor Grand Symphony Living Jewels Koi Fish,Gibson Hummingbird,Taylor PS24CE,Blue-Purple,Clouds,Gold-Black,Wood,Red-Black,Black-Crystal,Purple-Blue,Red Snake,Wood,Blue White,n/a,n/a,Maroon,Rose Gold,Dark Blue,Konbanwa!,Zetta Ni Nai!,12:00:59 AM,Screen,Come In with the Rain,n/a,n/a,"You're on Your Own, Kid",n/a,n/a,n/a,n/a,n/a
71,Melbourne,N1,02/16/2024,AU,Melbourne Cricket Ground,Sabrina Carpenter,n/a,Pink & Blue,Silver,Short Gold,Orange,Forest Green,A Lot,Thick Straps,Black & Red,Lavender Cupcake,Red & Black Snakes,Green,Topaz,Topaz,Orange,Orange,n/a,n/a,n/a,n/a,n/a,n/a,Yellow,Lavender Gem,Orchid,Cutout,Yes,Blue,Pink Gibson J-180,Silver Gibson J-180,Black Gibson J-45,Taylor Grand Symphony Living Jewels Koi Fish,Gibson Hummingbird,Taylor PS24CE,Blue-Purple,Clouds,Gold-Black,Wood,Red-Black,Black-Crystal,Purple-Blue,Red Snake,Wood,Blue White,n/a,n/a,Maroon,Rose Gold,Dark Blue,Oh Hi!,"Yeah, Nah!",12:02:33 AM,Screen,Red,n/a,n/a,You're Losing Me,n/a,n/a,n/a,n/a,n/a
72,Melbourne,N2,02/17/2024,AU,Melbourne Cricket Ground,Sabrina Carpenter,n/a,Blue & Gold,Black,Long Silver,Bronze Fitted,Forest Green,Never Ever,Thick Straps,Black & Red,Champagne,Red & Black Snakes,Cream,Rubellite,Rubellite,Pink,Pink,n/a,n/a,n/a,n/a,n/a,n/a,Magenta,Lavender Gem,Iridescent,Cutout,Yes,Multicolour,Blue Gibson J-180,Silver Gibson J-180,Black Gibson J-45,Taylor Grand Symphony Living Jewels Koi Fish,Gibson Hummingbird,Taylor PS24CE,Blue-Purple,Clouds,Gold-Black,Wood,Red-Black,Black-Crystal,Purple-Blue,Red Snake,Wood,Blue White,n/a,n/a,Maroon,Rose Gold,Dark Blue,Oh Hi!,"Like, Naur!",12:02:15 AM,Screen,Getaway Car,August,The Other Side of the Door,This Is Me Trying,n/a,n/a,n/a,n/a,n/a
73,Melbourne,N3,02/18/2024,AU,Melbourne Cricket Ground,Sabrina Carpenter,n/a,All Pink,Pink,Long Gold,Yellow,Forest Green,Ew,Thick Straps,Black & Red,Blue,Red & Black Snakes,Mauve,Sapphire,Sapphire,Blue,Blue,n/a,n/a,n/a,n/a,n/a,n/a,Cerulean,Lavender Gem,Silver,Cutout,Yes,Magenta,Pink Gibson J-180,Silver Gibson J-180,Black Gibson J-45,Taylor Grand Symphony Living Jewels Koi Fish,Gibson Hummingbird,Taylor PS24CE,Blue-Purple,Clouds,Gold-Black,Wood,Red-Black,Black-Crystal,Purple-Blue,Red Snake,Wood,Blue White,n/a,n/a,Maroon,Rose Gold,Dark Blue,Oh Hi!,"Nah, Mate!",12:02:55 AM,Screen,Come Back... Be Here,Daylight,n/a,Teardrops on My Guitar,n/a,n/a,n/a,n/a,n/a
74,Sydney,N1,02/23/2024,AU,Accor Stadium,n/a,n/a,Blue & Gold,Black,Short Gold,Orange,Forest Green,A Lot,Thick Straps,Black & Red,Blue,Red & Black Snakes,Cream,Rubellite,Rubellite,Pink,Pink,n/a,n/a,n/a,n/a,n/a,n/a,Magenta,Lavender Gem,Orchid,Cutout,Yes,Blue,Blue Gibson J-180,Silver Gibson J-180,Black Gibson J-45,Taylor Grand Symphony Living Jewels Koi Fish,Gibson Hummingbird,Taylor PS24CE,Blue-Purple,Clouds,Gold-Black,Wood,Red-Black,Black-Crystal,Purple-Blue,Red Snake,Wood,Blue White,n/a,n/a,Maroon,Rose Gold,Dark Blue,Oh Hi!,"Yeah, Nah!",12:02:14 AM,Chiefs,How You Get the Girl,n/a,n/a,White Horse,Coney Island,n/a,Sabrina Carpenter,n/a,n/a
75,Sydney,N2,02/24/2024,AU,Accor Stadium,Sabrina Carpenter,n/a,Pink & Blue,Silver,Long Silver,Bronze Fitted,Forest Green,Ew,Thick Straps,Black & Red,Lavender Cupcake,Red & Black Snakes,Pink,Sapphire,Sapphire,Blue,Blue,n/a,n/a,n/a,n/a,n/a,n/a,Cerulean,Lavender Gem,Iridescent,Cutout,Yes,Magenta,Pink Gibson J-180,Silver Gibson J-180,Black Gibson J-45,Taylor Grand Symphony Living Jewels Koi Fish,Gibson Hummingbird,Taylor PS24CE,Blue-Purple,Clouds,Gold-Black,Wood,Red-Black,Black-Crystal,Purple-Blue,Red Snake,Wood,Blue White,n/a,n/a,Maroon,Rose Gold,Dark Blue,Oh Hi!,Tell Him He's Dreamin'!,12:02:34 AM,Screen,Should've Said No,You're Not Sorry,n/a,New Year's Day,Peace,n/a,n/a,n/a,n/a
76,Sydney,N3,02/25/2024,AU,Accor Stadium,Sabrina Carpenter,n/a,Purple,Indigo,Long Gold,Yellow,Forest Green,Never Ever,Thick Straps,Black & Red,Pink,Red & Black Snakes,Mauve,Topaz,Topaz,Orange,Orange,n/a,n/a,n/a,n/a,n/a,n/a,Yellow,Lavender Gem,Silver,Cutout,Yes,Multicolour,Purple Gibson J-180,Silver Gibson J-180,Black Gibson J-45,Taylor Grand Symphony Living Jewels Koi Fish,Gibson Hummingbird,Taylor PS24CE,Blue-Purple,Clouds,Gold-Black,Wood,Red-Black,Black-Crystal,Purple-Blue,Red Snake,Wood,Blue White,n/a,n/a,Maroon,Rose Gold,Dark Blue,Oh Hi!,Bugger Off!,12:02:44 AM,Screen,Is It Over Now?,I Wish You Would,n/a,Haunted,Exile,n/a,n/a,n/a,n/a
77,Sydney,N4,02/26/2024,AU,Accor Stadium,Sabrina Carpenter,n/a,All Pink,Pink,Short Gold,Bronze Fitted,Forest Green,A Lot,Thick Straps,Black & Red,Champagne,Red & Black Snakes,Blue,Emerald,Emerald,Green,Green,n/a,n/a,n/a,n/a,n/a,n/a,Shamrock,Lavender Gem,Blue,Cutout,Yes,Blue,Pink Gibson J-180,Silver Gibson J-180,Black Gibson J-45,Taylor Grand Symphony Living Jewels Koi Fish,Gibson Hummingbird,Taylor PS24CE,Blue-Purple,Clouds,Gold-Black,Wood,Red-Black,Black-Crystal,Purple-Blue,Red Snake,Wood,Blue White,n/a,n/a,Maroon,Rose Gold,Dark Blue,Oh Hi!,"Rack Off, Mate!",12:01:36 AM,Screen,"Would've, Could've, Should've",Ivy,n/a,Forever & Always,Maroon,n/a,n/a,n/a,n/a
78,Singapore,N1,03/02/2024,SG,Singapore National Stadium,Sabrina Carpenter,n/a,Pink & Blue,Silver,Long Silver,Orange,Forest Green,Ew,Thick Straps,Black & Red,Lavender Cupcake,Red & Black Snakes,Cream,Topaz,Topaz,Orange,Orange,n/a,n/a,n/a,n/a,n/a,n/a,Yellow,Lavender Gem,Orchid,Cutout,Yes,Magenta,Pink Gibson J-180,Silver Gibson J-180,Black Gibson J-45,Taylor Grand Symphony Living Jewels Koi Fish,Gibson Hummingbird,Taylor PS24CE,Blue-Purple,Clouds,Gold-Black,Wood,Red-Black,Black-Crystal,Purple-Blue,Red Snake,Wood,Blue White,n/a,n/a,Maroon,Rose Gold,Dark Blue,Oh Hi!,"No, Lah!",12:00:50 AM,Screen,Mine,Starlight,n/a,I Don't Wanna Live Forever,Dress,n/a,n/a,n/a,n/a
79,Singapore,N2,03/03/2024,SG,Singapore National Stadium,Sabrina Carpenter,n/a,Blue & Gold,Black,Short Gold,Bronze Fitted,Forest Green,A Lot,Thick Straps,Black & Red,Champagne,Red & Black Snakes,Pink,Emerald,Emerald,Green,Green,n/a,n/a,n/a,n/a,n/a,n/a,Shamrock,Lavender Gem,Blue,Cutout,Yes,Multicolour,Blue Gibson J-180,Silver Gibson J-180,Black Gibson J-45,Taylor Grand Symphony Living Jewels Koi Fish,Gibson Hummingbird,Taylor PS24CE,Blue-Purple,Clouds,Gold-Black,Wood,Red-Black,Black-Crystal,Purple-Blue,Red Snake,Wood,Blue White,n/a,n/a,Maroon,Rose Gold,Dark Blue,Oh Hi!,"Siao, Ah!",12:02:11 AM,Screen,Long Story Short,The Story of Us,n/a,Clean,Evermore,n/a,n/a,n/a,n/a
80,Singapore,N3,03/04/2024,SG,Singapore National Stadium,Sabrina Carpenter,n/a,Purple,Indigo,Long Gold,Yellow,Forest Green,Never Ever,Thick Straps,Black & Red,Pink,Red & Black Snakes,Blue,Rubellite,Rubellite,Pink,Pink,n/a,n/a,n/a,n/a,n/a,n/a,Magenta,Lavender Gem,Iridescent,Cutout,Yes,Blue,Purple Gibson J-180,Silver Gibson J-180,Black Gibson J-45,Taylor Grand Symphony Living Jewels Koi Fish,Gibson Hummingbird,Taylor PS24CE,Blue-Purple,Clouds,Gold-Black,Wood,Red-Black,Black-Crystal,Purple-Blue,Red Snake,Wood,Blue White,n/a,n/a,Maroon,Rose Gold,Dark Blue,Oh Hi!,"Walao, Eh!",12:01:00 AM,Screen,Foolish One,Tell Me Why,n/a,This Love,Call It What You Want,n/a,n/a,n/a,n/a
81,Singapore,N4,03/07/2024,SG,Singapore National Stadium,Sabrina Carpenter,n/a,Blue & Gold,Black,Long Gold,Orange,Forest Green,Never Ever,Thick Straps,Black & Red,Champagne,Red & Black Snakes,Cream,Rubellite,Rubellite,Pink,Pink,n/a,n/a,n/a,n/a,n/a,n/a,Magenta,Lavender Gem,Blue,Cutout,Yes,Multicolour,Blue Gibson J-180,Silver Gibson J-180,Black Gibson J-45,Taylor Grand Symphony Living Jewels Koi Fish,Gibson Hummingbird,Taylor PS24CE,Blue-Purple,Clouds,Gold-Black,Wood,Red-Black,Black-Crystal,Purple-Blue,Red Snake,Wood,Blue White,n/a,n/a,Maroon,Rose Gold,Dark Blue,Oh Hi!,Alamak!,12:02:12 AM,Screen,Death by a Thousand Cuts,Babe,n/a,Fifteen,"You're on Your Own, Kid",n/a,n/a,n/a,n/a
82,Singapore,N5,03/08/2024,SG,Singapore National Stadium,Sabrina Carpenter,n/a,All Pink,Pink,Long Silver,Orange,Forest Green,A Lot,Thick Straps,Black & Red,Pink,Red & Black Snakes,Pink,Topaz,Topaz,Orange,Orange,n/a,n/a,n/a,n/a,n/a,n/a,Yellow,Lavender Gem,Iridescent,Cutout,Yes,Magenta,Pink Gibson J-180,Silver Gibson J-180,Black Gibson J-45,Taylor Grand Symphony Living Jewels Koi Fish,Gibson Hummingbird,Taylor PS24CE,Blue-Purple,Clouds,Gold-Black,Wood,Red-Black,Black-Crystal,Purple-Blue,Red Snake,Wood,Blue White,n/a,n/a,Maroon,Rose Gold,Dark Blue,Oh Hi!,"Wah Piang, Eh!",12:02:15 AM,Chiefs,Sparks Fly,Gold Rush,n/a,False God,'Slut!',n/a,n/a,n/a,n/a
83,Singapore,N6,03/09/2024,SG,Singapore National Stadium,Sabrina Carpenter,n/a,Pink & Blue,Silver,Short Gold,Orange,Forest Green,Ew,Thick Straps,Black & Red,Lavender Cupcake,Red & Black Snakes,Cream,Sapphire,Sapphire,Blue,Blue,n/a,n/a,n/a,n/a,n/a,n/a,Cerulean,Lavender Gem,Orchid,Cutout,Yes,Blue,Pink Gibson J-180,Silver Gibson J-180,Black Gibson J-45,Taylor Grand Symphony Living Jewels Koi Fish,Gibson Hummingbird,Taylor PS24CE,Blue-Purple,Clouds,Gold-Black,Wood,Red-Black,Black-Crystal,Purple-Blue,Red Snake,Wood,Blue White,n/a,n/a,Maroon,Rose Gold,Dark Blue,Oh Hi!,Ha Noh Abudan!,12:01:59 AM,Chiefs,Tim McGraw,Cowboy like Me,n/a,Mirrorball,Epiphany,n/a,n/a,n/a,n/a
84,Paris,N1,05/09/2024,FR,Paris La Défense Arena,Paramore,n/a,Orange & Pink,Tangerine,Short Black Silver,n/a,Chocolate Brown,Is Not,Thin Straps,Black & Red,Lilac Swirls,Red & Black Snakes,Butter,Pink,Blue,Blue,Pink,Ruining My Life,n/a,White,Black,All Black,Black & Gold,Pink,Lavender Gem,Orchid,Chevron,Yes,Blue,Pink Gibson J-180,Silver Gibson J-180,Black Gibson J-45,none,Gibson Hummingbird,Taylor PS24CE,Blue-Purple,Clouds,Gold-Black,n/a,Red-Black,Black-Crystal,Purple-Blue,Red Snake,Wood,Blue White,White,Gold,Maroon,Rose Gold,Dark Blue,Salut!,"Genre, Jamais!",12:01:45 AM,Screen,Paris,n/a,n/a,Loml,n/a,n/a,n/a,n/a,n/a
85,Paris,N2,05/10/2024,FR,Paris La Défense Arena,Paramore,n/a,Pink & Blue,Silver,Short Gold,n/a,Chocolate Brown,About Me,Thin Straps,Black & Red,Lavender Cupcake,Red & Black Snakes,Berry,Orange,Violet,Violet,Orange,Ruining My Life,n/a,White,White,Sliver-White,White & Silver,Blue,Lavender Gem,Silver,Cutout,Yes,Magenta,Pink Gibson J-180,Silver Gibson J-180,Black Gibson J-45,none,Gibson Hummingbird,Taylor PS24CE,Clouds,Clouds,Gold-Black,n/a,Red-Black,Black-Crystal,Purple-Blue,Red Snake,Wood,Purple-Blue,White,Gold,Maroon,Rose Gold,Dark Blue,Salut!,Je Crois Pas Non!,12:01:29 AM,Screen,Is It Over Now?,Out of the Woods,n/a,My Boy Only Breaks His Favorite Toys,n/a,n/a,n/a,n/a,n/a
86,Paris,N3,05/11/2024,FR,Paris La Défense Arena,Paramore,n/a,Blue & Gold,Black,Long Silver,n/a,Chocolate Brown,A Lot,Thin Straps,Black & Red,Champagne,Red & Black Snakes,Pink,Green,Pink,Pink,Green,Ruining My Life,n/a,White,Black,Graphite,Graphite & Black,Orange,Lavender Gem,Blue,Scallops,Yes,Multicolour,Blue Gibson J-180,Silver Gibson J-180,Black Gibson J-45,none,Gibson Hummingbird,Taylor PS24CE,Clouds,Clouds,Gold-Black,n/a,Red-Black,Black-Crystal,Purple-Blue,Red Snake,Wood,Purple-Blue,White,Gold,Maroon,Rose Gold,Dark Blue,Salut!,Dan Tes Rêves!,12:01:53 AM,Screen,Hey Stephen,n/a,n/a,Maroon,n/a,n/a,n/a,n/a,n/a
87,Paris,N4,05/12/2024,FR,Paris La Défense Arena,Paramore,n/a,Orange & Pink,Tangerine,Short Black Silver,n/a,Chocolate Brown,Trouble,Thin Straps,Black & Red,Lilac Swirls,Red & Black Snakes,Berry,Yellow,Orange,Yellow,Orange,Ruining My Life,n/a,White,Black,Sliver-White,Silver & Black,Blue,Lavender Gem,Iridescent,Chevron,Yes,Blue,Pink Gibson J-180,Silver Gibson J-180,Black Gibson J-45,none,Gibson Hummingbird,Taylor PS24CE,Clouds,Clouds,Gold-Black,n/a,Red-Black,Black-Crystal,Purple-Blue,Red Snake,Wood,Purple-Blue,White,Gold,Maroon,Rose Gold,Dark Blue,Salut!,C'est Mort!,12:02:15 AM,Chiefs,The Alchemy,Treacherous,n/a,Begin Again,Paris,n/a,n/a,n/a,n/a
88,Stockholm,N1,05/17/2024,SE,Friends Arena,Paramore,n/a,Pink & Blue,Silver,Short Black Silver,n/a,Chocolate Brown,Trouble,Thin Straps,Black & Red,Blue,Red & Black Snakes,Butter,Yellow,Blue,Yellow,Blue,Ruining My Life,n/a,White,Black,All Black,Black & Gold,Pink,Lavender Gem,Silver,Chevron,Yes,Multicolour,Pink Gibson J-180,Silver Gibson J-180,Black Gibson J-45,none,Gibson Hummingbird,Taylor PS24CE,Blue-Purple,Clouds,Gold-Black,n/a,Red-Black,Black-Crystal,Purple-Blue,Red Snake,Wood,Blue White,White,Gold,Maroon,Rose Gold,Dark Blue,Hej!,Alltså Aldrig!,12:02:04 AM,Screen,I Think He Knows,Gorgeous,n/a,Peter,n/a,n/a,n/a,n/a,n/a
89,Stockholm,N2,05/18/2024,SE,Friends Arena,Paramore,n/a,Purple,Indigo,Short Gold,n/a,Chocolate Brown,A Lot,Thin Straps,Black & Red,Lilac Swirls,Red & Black Snakes,Blue,Pink,Orange,Pink,Orange,Ruining My Life,n/a,White,White,Sliver-White,White & Silver,Orange,Lavender Gem,Lavender,Scallops,Yes,Magenta,Purple Gibson J-180,Silver Gibson J-180,Black Gibson J-45,none,Gibson Hummingbird,Taylor PS24CE,Blue-Purple,Clouds,Gold-Black,n/a,Red-Black,Black-Crystal,Purple-Blue,Red Snake,Wood,Purple-Blue,White,Gold,Maroon,Rose Gold,Dark Blue,Hej!,Dröm Vidare!,12:01:52 AM,Screen,Guilty as Sin?,n/a,n/a,Say Don't Go,Welcome to New York,Clean,n/a,n/a,n/a
90,Stockholm,N3,05/19/2024,SE,Friends Arena,Paramore,n/a,Orange & Pink,Tangerine,Short Black Silver,n/a,Chocolate Brown,Never Ever,Thin Straps,Black & Red,Champagne,Red & Black Snakes,Green,Blue,Yellow,Yellow,Blue,Ruining My Life,n/a,White,Black,Black & Gold,Black & Gold,Blue,Lavender Gem,Pink,Chevron,Yes,Blue,Pink Gibson J-180,Silver Gibson J-180,Black Gibson J-45,none,Gibson Hummingbird,Taylor PS24CE,Blue-Purple,Clouds,Gold-Black,n/a,Red-Black,Black-Crystal,Purple-Blue,Red Snake,Wood,Blue White,White,Gold,Maroon,Rose Gold,Dark Blue,Hej!,Han Kan Dra!,12:01:59 AM,Screen,Message in a Bottle,How You Get the Girl,New Romantics,How Did It End?,n/a,n/a,n/a,n/a,n/a
91,Lisbon,N1,05/24/2024,PT,Estádio da Luz,Paramore,n/a,Pink & Blue,Silver,Short Gold,n/a,Chocolate Brown,About Me,Thin Straps,Black & Red,Lavender Cupcake,Red & Black Snakes,Cream,Violet,Blue,Violet,Blue,Ruining My Life,n/a,White,Black,Graphite,Graphite & Black,Orange,Lavender Gem,Orchid,Chevron,Yes,Blue,Pink Gibson J-180,Silver Gibson J-180,Black Gibson J-45,none,Gibson Hummingbird,Taylor PS24CE,Blue-Purple,Clouds,Gold-Black,n/a,Red-Black,Black-Crystal,Purple-Blue,Red Snake,Wood,Blue White,White,Gold,Maroon,Rose Gold,Dark Blue,Olá!,Nunca Mais!,12:02:27 AM,Screen,Come Back... Be Here,The Way I Loved You,The Other Side of the Door,Fresh Out the Slammer,High Infidelity,n/a,n/a,n/a,n/a
92,Lisbon,N2,05/25/2024,PT,Estádio da Luz,Paramore,n/a,Orange & Pink,Tangerine,Short Black Silver,n/a,Chocolate Brown,Is Not,Thin Straps,Black & Red,Lilac Swirls,Red & Black Snakes,Berry,Pink,Yellow,Pink,Yellow,Ruining My Life,n/a,White,White,Sliver-White,White & Silver,Pink,Lavender Gem,Blue,Scallops,Yes,Magenta,Pink Gibson J-180,Silver Gibson J-180,Black Gibson J-45,none,Gibson Hummingbird,Taylor PS24CE,Blue-Purple,Clouds,Gold-Black,n/a,Red-Black,Black-Crystal,Purple-Blue,Red Snake,Wood,Blue White,White,Gold,Maroon,Rose Gold,Dark Blue,Olá!,Nem Que a Vaca Tussa!,12:02:50 AM,Screen,The Tortured Poets Department,Now That We Don't Talk,n/a,"You're on Your Own, Kid",Long Live,n/a,n/a,n/a,n/a
93,Madrid,N1,05/29/2024,ES,Estadio Santiago Bernabéu,Paramore,n/a,Pink & Blue,Silver,Short Black Silver,n/a,Chocolate Brown,Never Ever,Thin Straps,Black & Red,Lilac Swirls,Red & Black Snakes,Blue,Orange,Yellow,Yellow,Orange,Ruining My Life,n/a,White,Black,Black & Gold,Black & Gold,Orange,Lavender Gem,Iridescent,Chevron,Yes,Blue,Pink Gibson J-180,Silver Gibson J-180,Black Gibson J-45,none,Gibson Hummingbird,Taylor PS24CE,Blue-Purple,Clouds,Gold-Black,n/a,Red-Black,Black-Crystal,Purple-Blue,Red Snake,Wood,Blue White,White,Gold,Maroon,Rose Gold,Dark Blue,¡Hola!,Ni de Coña!,12:02:35 AM,Screen,Sparks Fly,I Can Fix Him (No Really I Can),n/a,I Look in People's Windows,Snow on the Beach,n/a,n/a,n/a,n/a
94,Madrid,N2,05/30/2024,ES,Estadio Santiago Bernabéu,Paramore,n/a,Purple,Indigo,Long Gold,n/a,Chocolate Brown,About Me,Thin Straps,Black & Red,Blue,Red & Black Snakes,Berry,Pink,Violet,Violet,Pink,Ruining My Life,n/a,White,Black,Sliver-White,Silver & Black,Blue,Lavender Gem,Blue,Scallops,Yes,Multicolour,Purple Gibson J-180,Silver Gibson J-180,Black Gibson J-45,none,Gibson Hummingbird,Taylor PS24CE,Blue-Purple,Clouds,Gold-Black,n/a,Red-Black,Black-Crystal,Purple-Blue,Red Snake,Wood,Blue White,White,Gold,Maroon,Rose Gold,Dark Blue,¡Hola!,Ni Borracha!,12:02:18 AM,Screen,Our Song,Jump then Fall,n/a,King of My Heart,n/a,n/a,n/a,n/a,n/a
95,Lyon,N1,06/02/2024,FR,Groupama Stadium,Paramore,n/a,Blue & Gold,Black,Short Gold,n/a,Chocolate Brown,Trouble,Thin Straps,Black & Red,Champagne,Red & Black Snakes,Green,Orange,Orange,Orange,Orange,Ruining My Life,n/a,White,Black,Graphite,Graphite & Black,Pink,Lavender Gem,Pink,Chevron,Yes,Magenta,Blue Gibson J-180,Silver Gibson J-180,Black Gibson J-45,none,Gibson Hummingbird,Taylor PS24CE,Blue-Purple,Clouds,Gold-Black,n/a,Red-Black,Black-Crystal,Purple-Blue,Red Snake,Wood,Blue White,White,Gold,Maroon,Rose Gold,Dark Blue,Salut!,Jamais de la Vie!,12:02:05 AM,Screen,The Prophecy,Long Story Short,n/a,Fifteen,"You're on Your Own, Kid",n/a,n/a,n/a,n/a
96,Lyon,N2,06/03/2024,FR,Groupama Stadium,Paramore,n/a,All Pink,Pink,Short Black Silver,n/a,Chocolate Brown,Ew,Thin Straps,Black & Red,Lavender Cupcake,Red & Black Snakes,Butter,Green,Blue,Blue,Green,Ruining My Life,n/a,White,Black,All Black,Silver & Black,Orange,Lavender Gem,Orchid,Cutout,Yes,Blue,Purple Gibson J-180,Silver Gibson J-180,Black Gibson J-45,none,Gibson Hummingbird,Taylor PS24CE,Blue-Purple,Clouds,Gold-Black,n/a,Red-Black,Black-Crystal,Purple-Blue,Red Snake,Wood,Blue White,White,Gold,Maroon,Rose Gold,Dark Blue,Salut!,Laisse Tomber!,12:02:32 AM,Screen,Glitch,Everything Has Changed,n/a,Chloe or Sam or Sophia or Marcus,n/a,n/a,n/a,n/a,n/a
97,Edinburgh,N1,06/07/2024,SQ,Murrayfield Stadium,Paramore,n/a,Blue & Gold,Black,Short Black Silver,n/a,Chocolate Brown,Is Not,Thin Straps,Black & Red,Lilac Swirls,Red & Black Snakes,Green,Yellow,Pink,Pink,Yellow,Ruining My Life,n/a,White,White,Sliver-White,White & Silver,Blue,Lavender Gem,Pink,Scallops,Yes,Multicolour,Blue Gibson J-180,Silver Gibson J-180,Black Gibson J-45,none,Gibson Hummingbird,Taylor PS24CE,Blue-Purple,Clouds,Gold-Black,n/a,Red-Black,Black-Crystal,Purple-Blue,Red Snake,Wood,Blue White,White,Gold,Maroon,Rose Gold,Dark Blue,Oh Hi!,Nae Chance!,12:02:14 AM,Screen,"Would've, Could've, Should've",I Know Places,n/a,Tis the Damn Season,Daylight,n/a,n/a,n/a,n/a
98,Edinburgh,N2,06/08/2024,SQ,Murrayfield Stadium,Paramore,n/a,Pink & Blue,Silver,Long Silver,n/a,Chocolate Brown,Never Ever,Thin Straps,Black & Red,Blue,Red & Black Snakes,Berry,Blue,Violet,Violet,Blue,Ruining My Life,Plain Black,White,Black,Black & Gold,Black & Gold,Orange,Lavender Gem,Lavender,Chevron,Yes,Blue,Pink Gibson J-180,Silver Gibson J-180,Black Gibson J-45,none,Gibson Hummingbird,Taylor PS24CE,Blue-Purple,Clouds,Gold-Black,n/a,Red-Black,Black-Crystal,Purple-Blue,Red Snake,Wood,Blue White,White,Gold,Maroon,Rose Gold,Dark Blue,Oh Hi!,Ya Wee Radge!,12:01:32 AM,Screen,The Bolter,Getaway Car,n/a,All of the Girls You Loved Before,Crazier,n/a,n/a,n/a,n/a
99,Edinburgh,N3,06/09/2024,SQ,Murrayfield Stadium,Paramore,n/a,Purple,Indigo,Short Gold,n/a,Chocolate Brown,About Me,Thin Straps,Black & Red,Lilac Swirls,Red & Black Snakes,Cream,Violet,Green,Green,Violet,Ruining My Life,Plain Black,White,Black,Graphite,Graphite & Black,Pink,Lavender Gem,Silver,Cutout,Yes,Magenta,Purple Gibson J-180,Silver Gibson J-180,Black Gibson J-45,none,Gibson Hummingbird,Taylor PS24CE,Blue-Purple,Clouds,Gold-Black,n/a,Red-Black,Black-Crystal,Purple-Blue,Red Snake,Wood,Blue White,White,Gold,Maroon,Rose Gold,Dark Blue,Oh Hi!,Bolt Ya Rocket!,12:01:27 AM,Screen,It's Nice to Have a Friend,Dorothea,n/a,Haunted,Exile,n/a,n/a,n/a,n/a
100,Liverpool,N1,06/13/2024,EN,Anfield,Paramore,n/a,All Pink,Pink,Short Black Silver,n/a,Chocolate Brown,Ew,Thin Straps,Black & Red,Champagne,Red & Black Snakes,Green,Blue,Pink,Blue,Pink,Ruining My Life,Plain White,White,White,Sliver-White,White & Silver,Pink,Lavender Gem,Lavender,Chevron,Yes,Multicolour,Pink Gibson J-180,Silver Gibson J-180,Black Gibson J-45,none,Gibson Hummingbird,Taylor PS24CE,Blue-Purple,Clouds,Gold-Black,n/a,Red-Black,Black-Crystal,Purple-Blue,Red Snake,Wood,Blue White,White,Gold,Maroon,Rose Gold,Dark Blue,Oh Hi!,"For the 100th Time, No!",12:02:07 AM,Screen,I Can See You,Mine,n/a,Cornelia Street,Maroon,n/a,n/a,n/a,n/a
101,Liverpool,N2,06/14/2024,EN,Anfield,Paramore,n/a,Orange & Pink,Tangerine,Short Gold,n/a,Chocolate Brown,A Lot,Thin Straps,Black & Red,Lavender Cupcake,Red & Black Snakes,Blue,Violet,Orange,Orange,Violet,Ruining My Life,Sparkle Black,White,Black,All Black,Black & Gold,Blue,Lavender Gem,Iridescent,Scallops,Yes,Magenta,Pink Gibson J-180,Silver Gibson J-180,Black Gibson J-45,none,Gibson Hummingbird,Taylor PS24CE,Blue-Purple,Clouds,Gold-Black,n/a,Red-Black,Black-Crystal,Purple-Blue,Red Snake,Wood,Blue White,White,Gold,Maroon,Rose Gold,Dark Blue,Oh Hi!,Ee Get on Yer Bike!,12:01:52 AM,Screen,This Is What You Came For,Gold Rush,n/a,The Great War,You're Losing Me,n/a,n/a,n/a,n/a
102,Liverpool,N3,06/15/2024,EN,Anfield,Paramore,n/a,Pink & Blue,Silver,Short Black Silver,n/a,Chocolate Brown,Never Ever,Thin Straps,Black & Red,Lilac Swirls,Red & Black Snakes,Berry,Yellow,Green,Yellow,Green,Ruining My Life,Plain Black,White,Black,Graphite,Graphite & Black,Orange,Lavender Gem,Pink,Chevron,Yes,Blue,Pink Gibson J-180,Silver Gibson J-180,Black Gibson J-45,none,Gibson Hummingbird,Taylor PS24CE,Blue-Purple,Clouds,Gold-Black,n/a,Red-Black,Black-Crystal,Purple-Blue,Red Snake,Wood,Blue White,White,Gold,Maroon,Maroon,Dark Blue,Oh Hi!,Jog On Lad!,12:01:49 AM,Screen,Carolina,"No Body, No Crime",n/a,The Manuscript,Red,n/a,n/a,n/a,n/a
103,Cardiff,N1,06/18/2024,WL,Principality Stadium,Paramore,n/a,Blue & Gold,Black,Short Black Silver,n/a,Chocolate Brown,A Lot,Thin Straps,Black & Red,Champagne,Red & Black Snakes,Berry,Green,Orange,Orange,Green,Ruining My Life,Sparkle Black,White,Black,Sliver-White,Silver & Black,Orange,Lavender Gem,Orchid,Chevron,Yes,Magenta,Blue Gibson J-180,Silver Gibson J-180,Black Gibson J-45,none,Gibson Hummingbird,Taylor PS24CE,Blue-Purple,Clouds,Gold-Black,n/a,Red-Black,Black-Crystal,Purple-Blue,Red Snake,Wood,Blue White,White,Gold,Maroon,Rose Gold,Dark Blue,Haia!,Ych y Fi!,12:02:29 AM,Screen,I Forgot That You Existed,This Is Why We Can't Have Nice Things,n/a,I Hate It Here,The Lakes,n/a,n/a,n/a,n/a
104,London,N1,06/21/2024,EN,Wembley Stadium,Mette,Paramore,Blue & Gold,Black,Short Black Silver,n/a,Chocolate Brown,Ew,Thin Straps,Black & Red,Champagne,Red & Black Snakes,Berry,Orange,Blue,Blue,Orange,Ruining My Life,Sparkle Black,White,Black,Black & Gold,Black & Gold,Orange,Lavender Gem,Orchid,Chevron,Yes,Blue,Blue Gibson J-180,Silver Gibson J-180,Black Gibson J-45,none,Gibson Hummingbird,Taylor PS24CE,Blue-Gold,Clouds,Gold-Black,n/a,Red-Black,Black-Crystal,Lilac,Red Snake,Wood,Blue White,TTPD Brand,Gold,Maroon,Rose Gold,Dark Blue,Oh Hi!,Why Don’t You Just Bog Off?,12:03:10 AM,Chiefs,Hits Different,Death by a Thousand Cuts,n/a,The Black Dog,Come Back... Be Here,Maroon,n/a,n/a,n/a
105,London,N2,06/22/2024,EN,Wembley Stadium,Griff,Paramore,Orange & Pink,Tangerine,Long Silver,n/a,Chocolate Brown,A Lot,Thin Straps,Black & Red,Lilac Swirls,Red & Black Snakes,Cream,Violet,Pink,Violet,Pink,Ruining My Life,Sparkle Black,White,Black,Graphite,Graphite & Black,Blue,Lavender Gem,Silver,Chevron,Yes,Magenta,Pink Gibson J-180,Silver Gibson J-180,Black Gibson J-45,none,Gibson Hummingbird,Taylor PS24CE,Pink-Orange,Clouds,Gold-Black,n/a,Red-Black,Black-Crystal,Lilac,Red Snake,Wood,Purple-Blue,TTPD Brand,Silver,Maroon,Rose Gold,Dark Blue,Oh Hi!,Do One Tosser!,12:02:14 AM,Chiefs,Thank You Aimee,Mean,n/a,Castles Crumbling,n/a,n/a,Hayley Williams,n/a,n/a
106,London,N3,06/23/2024,EN,Wembley Stadium,Benson Boone,Paramore,Pink & Blue,Silver,Short Gold,n/a,Chocolate Brown,Never Ever,Thin Straps,Black & Red,Lavender Cupcake,Red & Black Snakes,Green,Pink,Green,Pink,Green,Ruining My Life,Sparkle Black,White,Black,Sliver-White,Silver & Black,Pink,Lavender Gem,Iridescent,Chevron,Yes,Multicolour,Pink Gibson J-180,Silver Gibson J-180,Black Gibson J-45,none,Gibson Hummingbird,Taylor PS24CE,Blue-Purple,Clouds,Gold-Black,n/a,Red-Black,Black-Crystal,Purple-Blue,Red Snake,Wood,Green,TTPD Brand,White,Maroon,Rose Gold,Dark Blue,Oh Hi!,Up Yours Wanker!,12:02:46 AM,Chiefs,Us,n/a,n/a,Out of the Woods,Is It Over Now?,Clean,Travis Kelce,Gracie Abrams,n/a
107,Dublin,N1,06/28/2024,IE,Aviva Stadium,Paramore,n/a,All Pink,Pink,Short Black Silver,n/a,Chocolate Brown,About Me,Thin Straps,Black & Red,Lavender Cupcake,Red & Black Snakes,Green,Orange,Green,Green,Orange,Ruining My Life,Sparkle Black,White,Black,Graphite,Graphite & Black,Blue,Lavender Gem,Lavender,Chevron,Yes,Multicolour,Pink Gibson J-180,Silver Gibson J-180,Black Gibson J-45,none,Gibson Hummingbird,Taylor PS24CE,Pink-Orange,Clouds,Gold-Black,n/a,Red-Black,Black-Crystal,Purple-Blue,Red Snake,Black,Green,TTPD Brand,Silver,Maroon,Rose Gold,Dark Blue,Oh Hi!,Pog Mo Thoin!,12:02:28 AM,Screen,State of Grace,"You're on Your Own, Kid",n/a,Sweet Nothing,Hoax,n/a,n/a,n/a,n/a
108,Dublin,N2,06/29/2024,IE,Aviva Stadium,Paramore,n/a,Purple,Indigo,Short Gold,n/a,Chocolate Brown,Is Not,Thin Straps,Black & Red,Blue,Red & Black Snakes,Cream,Yellow,Violet,Yellow,Violet,Ruining My Life,Sparkle Black,White,Black,All Black,Silver & Black,Pink,Lavender Gem,Pink,Scallops,Yes,Blue,Purple Gibson J-180,Silver Gibson J-180,Black Gibson J-45,none,Gibson Hummingbird,Taylor PS24CE,Blue-Purple,Clouds,Gold-Black,n/a,Red-Black,Black-Crystal,Lilac,Red Snake,Wood,Yellow,TTPD Brand,White,Maroon,Rose Gold,Dark Blue,Oh Hi!,The Neek of Ye!,12:03:07 AM,Screen,The Albatross,Dancing With Our Hands Tied,n/a,This Love,Ours,n/a,n/a,n/a,n/a
109,Dublin,N3,06/30/2024,IE,Aviva Stadium,Paramore,n/a,Blue & Gold,Black,Short Black Silver,n/a,Chocolate Brown,Ew,Thin Straps,Black & Red,Champagne,Red & Black Snakes,Berry,Green,Orange,Green,Orange,Ruining My Life,Sparkle White,White,White,Sliver-White,White & Silver,Orange,Lavender Gem,Orchid,Chevron,Yes,Magenta,Blue Gibson J-180,Silver Gibson J-180,Black Gibson J-45,none,Gibson Hummingbird,Taylor PS24CE,Blue-Gold,Clouds,Gold-Black,n/a,Red-Black,Black-Crystal,Lilac,Red Snake,Wood,Green,TTPD Brand,Silver,Maroon,Rose Gold,Dark Blue,Oh Hi!,Bleeding Eejit!,12:03:12 AM,Chiefs,Clara Bow,The Lucky One,n/a,"You're on Your Own, Kid",n/a,n/a,n/a,n/a,n/a
110,Amsterdam,N1,07/04/2024,NL,Johan Cruyff Arena,Paramore,n/a,Pink & Blue,Silver,Short Black Silver,n/a,Chocolate Brown,Trouble,Thin Straps,Black & Red,Lavender Cupcake,Red & Black Snakes,Mauve,Blue,Orange,Orange,Blue,Ruining My Life,Sparkle Black,White,Black,Graphite,Graphite & Black,Orange,Lavender Gem,Silver,Chevron,Yes,Multicolour,Pink Gibson J-180,Silver Gibson J-180,Black Gibson J-45,none,Gibson Hummingbird,Taylor PS24CE,Blue-Purple,Clouds,Gold-Black,n/a,Red-Black,Black-Crystal,Purple-Blue,Red Snake,Wood,Blue White,TTPD Brand,Silver,Maroon,Rose Gold,Dark Blue,Hallo!,Mij Niet Bellen!,12:02:24 AM,Screen,Guilty as Sin?,Untouchable,n/a,The Archer,Question...?,n/a,n/a,n/a,n/a
111,Amsterdam,N2,07/05/2024,NL,Johan Cruyff Arena,Paramore,n/a,Blue & Gold,Black,Long Gold,n/a,Chocolate Brown,Is Not,Thin Straps,Black & Red,Lilac Swirls,Red & Black Snakes,Berry,Green,Violet,Green,Violet,Ruining My Life,Plain White,White,White,Sliver-White,White & Silver,Blue,Lavender Gem,Blue,Chevron,Yes,Blue,Blue Gibson J-180,Silver Gibson J-180,Black Gibson J-45,none,Gibson Hummingbird,Taylor PS24CE,Blue-Gold,Clouds,Gold-Black,n/a,Red-Black,Black-Crystal,Lilac,Red Snake,Wood,Green,TTPD Brand,White,Maroon,Rose Gold,Dark Blue,Hallo!,In Je Dromen!,12:02:45 AM,Chiefs,Imgonnagetyouback,Dress,n/a,You Are in Love,Cowboy like Me,n/a,n/a,n/a,n/a
112,Amsterdam,N3,07/06/2024,NL,Johan Cruyff Arena,Paramore,n/a,Orange & Pink,Tangerine,Short Black Silver,n/a,Chocolate Brown,A Lot,Thin Straps,Black & Red,Champagne,Red & Black Snakes,Green,Orange,Pink,Pink,Orange,Ruining My Life,Sparkle Black,White,Black,All Black,Black & Gold,Pink,Lavender Gem,Orchid,Chevron,Yes,Magenta,Pink Gibson J-180,Silver Gibson J-180,Black Gibson J-45,none,Gibson Hummingbird,Taylor PS24CE,Pink-Orange,Clouds,Gold-Black,n/a,Red-Black,Black-Crystal,Lilac,Red Snake,Wood,Pink-Orange,TTPD Brand,Gold,Maroon,Rose Gold,Dark Blue,Hallo!,Echt Niet!,12:02:56 AM,Chiefs,Sweeter than Fiction,Holy Ground,n/a,Mary's Song (Oh My My My),So High School,Everything Has Changed,n/a,n/a,n/a
113,Zürich,N1,07/09/2024,CH,Letzigrund,Paramore,n/a,Purple,Indigo,Short Gold,n/a,Chocolate Brown,Ew,Thin Straps,Black & Red,Champagne,Red & Black Snakes,Berry,Blue,Green,Green,Blue,Ruining My Life,Sparkle Black,White,Black,All Black,Graphite & Black,Orange,Lavender Gem,Pink,Chevron,Yes,Magenta,Purple Gibson J-180,Silver Gibson J-180,Black Gibson J-45,none,Gibson Hummingbird,Taylor PS24CE,Blue-Purple,Clouds,Gold-Black,n/a,Red-Black,Black-Crystal,Lilac,Red Snake,Wood,Green,TTPD Brand,Silver,Maroon,Rose Gold,Dark Blue,Grüezi!,Blas Mer Id Schueh!,12:01:10 AM,Screen,Right Where You Left Me,All You Had to Do Was Stay,n/a,Last Kiss,Sad Beautiful Tragic,n/a,n/a,n/a,n/a
114,Zürich,N2,07/10/2024,CH,Letzigrund,Paramore,n/a,Blue & Gold,Black,Short Black Silver,n/a,Chocolate Brown,Never Ever,Thin Straps,Black & Red,Lavender Cupcake,Red & Black Snakes,Blue,Violet,Yellow,Yellow,Violet,Ruining My Life,Plain White,White,White,Sliver-White,White & Silver,Pink,Lavender Gem,Iridescent,Chevron,Yes,Blue,Blue Gibson J-180,Silver Gibson J-180,Black Gibson J-45,none,Gibson Hummingbird,Taylor PS24CE,Blue-Gold,Clouds,Gold-Black,n/a,Red-Black,Black-Crystal,Purple-Blue,Red Snake,Wood,Yellow,TTPD Brand,White,Maroon,Rose Gold,Dark Blue,Grüezi!,Verreis!,12:01:33 AM,Screen,Closure,A Perfectly Good Heart,n/a,Robin,Never Grow Up,n/a,n/a,n/a,n/a
115,Milan,N1,07/13/2024,IT,San Siro,Paramore,n/a,Pink & Blue,Silver,Short Tiger Stripes,n/a,Chocolate Brown,About Me,Thin Straps,Black & Red,Lilac Swirls,Red & Black Snakes,Berry,Blue,Blue,Blue,Blue,You Should Be,Sparkle White,White,White,Sliver-White,White & Silver,Orange,Lavender Gem,Silver,Chevron,Yes,Magenta,Pink Gibson J-180,Silver Gibson J-180,Black Gibson J-45,none,Gibson Hummingbird,Taylor PS24CE,Blue-Purple,Clouds,Gold-Black,n/a,Red-Black,Black-Crystal,Lilac,Red Snake,Wood,Blue White,TTPD Brand,White,Maroon,Rose Gold,Dark Blue,Ciao!,Col Cazzo!,12:02:19 AM,Screen,The 1,Wonderland,n/a,I Almost Do,The Moment I Knew,n/a,n/a,n/a,n/a
116,Milan,N2,07/14/2024,IT,San Siro,Paramore,n/a,Orange & Pink,Tangerine,Short Gold,n/a,Chocolate Brown,Is Not,Thin Straps,Black & Red,Purple Wonderstruck,Red & Black Snakes,Green,Pink,Pink,Pink,Pink,You Should Be,Sparkle Black,White,Black,Graphite,Graphite & Black,Blue,Lavender Gem,Orchid,Chevron,Yes,Blue,Pink Gibson J-180,Silver Gibson J-180,Black Gibson J-45,none,Gibson Hummingbird,Taylor PS24CE,Pink-Orange,Clouds,Gold-Black,n/a,Red-Black,Black-Crystal,Lilac,Red Snake,Wood,Pink-Orange,TTPD Brand,Silver,Maroon,Rose Gold,Dark Blue,Ciao!,Manco Morta!,12:02:09 AM,Screen,Mr. Perfectly Fine,Red,n/a,Getaway Car,Out of the Woods,n/a,n/a,n/a,n/a
117,Gelsenkirchen,N1,07/17/2024,DE,Veltins-Arena,Paramore,n/a,All Pink,Pink,Short Gold,n/a,Chocolate Brown,Ew,Thin Straps,Black & Red,Champagne,Red & Black Snakes,Cream,Yellow,Yellow,Yellow,Yellow,You Should Be,Sparkle Black,White,Black,Graphite,Graphite & Black,Orange,Lavender Gem,Iridescent,Cutout,Yes,Multicolour,Pink Gibson J-180,Silver Gibson J-180,Black Gibson J-45,none,Gibson Hummingbird,Taylor PS24CE,Pink-Orange,Clouds,Gold-Black,n/a,Red-Black,Black-Crystal,Lilac,Red Snake,Wood,Yellow,TTPD Brand,Silver,Maroon,Rose Gold,Dark Blue,Hallo!,Kannste Knicken!,12:02:29 AM,Chiefs,Superstar,Invisible String,n/a,Slut!',False God,n/a,n/a,n/a,n/a
118,Gelsenkirchen,N2,07/18/2024,DE,Veltins-Arena,Paramore,n/a,Blue & Gold,Black,Short Tiger Stripes,n/a,Chocolate Brown,A Lot,Thin Straps,Black & Red,Purple Wonderstruck,Red & Black Snakes,Green,Violet,Violet,Violet,Violet,Ruining My Life,Sparkle Black,White,Black,All Black,Silver & Black,Blue,Lavender Gem,Pink,Chevron,Yes,Blue,Blue Gibson J-180,Silver Gibson J-180,Black Gibson J-45,none,Gibson Hummingbird,Taylor PS24CE,Blue-Gold,Clouds,Gold-Black,n/a,Red-Black,Black-Crystal,Lilac,Red Snake,Wood,Purple-Blue,TTPD Brand,White,Maroon,Rose Gold,Dark Blue,Hallo!,Träum Weiter!,12:02:36 AM,Chiefs,Speak Now,Hey Stephen,n/a,This Is Me Trying,Labyrinth,n/a,n/a,n/a,n/a
119,Gelsenkirchen,N3,07/19/2024,DE,Veltins-Arena,Paramore,n/a,Purple,Indigo,Short Black Silver,n/a,Chocolate Brown,Never Ever,Thin Straps,Black & Red,Lavender Cupcake,Red & Black Snakes,Butter,Blue,Pink,Blue,Pink,You Should Be,Sparkle White,White,White,Sliver-White,White & Silver,Pink,Lavender Gem,Lavender,Scallops,Yes,Magenta,Purple Gibson J-180,Silver Gibson J-180,Black Gibson J-45,none,Gibson Hummingbird,Taylor PS24CE,Blue-Purple,Clouds,Gold-Black,n/a,Red-Black,Black-Crystal,Purple-Blue,Red Snake,Wood,Blue White,TTPD Brand,White,Maroon,Rose Gold,Dark Blue,Hallo!,Zieh Leine!,12:02:41 AM,Screen,Paper Rings,Stay Stay Stay,n/a,It's Time to Go,Better Man,n/a,n/a,n/a,n/a
120,Hamburg,N1,07/23/2024,DE,Volksparkstadion,Paramore,n/a,Pink & Blue,Silver,Short Black Silver,n/a,Chocolate Brown,About Me,Thin Straps,Black & Red,Champagne,Red & Black Snakes,Berry,Yellow,Pink,Pink,Yellow,Ruining My Life,Sparkle Black,White,Black,Sliver-White,Silver & Black,Orange,Lavender Gem,Blue,Chevron,Yes,Multicolour,Pink Gibson J-180,Silver Gibson J-180,Black Gibson J-45,none,Gibson Hummingbird,Taylor PS24CE,Blue-Purple,Clouds,Gold-Black,n/a,Red-Black,Black-Crystal,Lilac,Red Snake,Wood,Yellow,TTPD Brand,White,Maroon,Rose Gold,Dark Blue,Hallo!,Im Leben Nicht!,12:02:36 AM,Screen,Teardrops on My Guitar,The Last Time,n/a,We Were Happy,Happiness,n/a,n/a,n/a,n/a
121,Hamburg,N2,07/24/2024,DE,Volksparkstadion,Paramore,n/a,Orange & Pink,Tangerine,Short Tiger Stripes,n/a,Chocolate Brown,Ew,Thin Straps,Black & Red,Lilac Swirls,Red & Black Snakes,Green,Violet,Blue,Blue,Violet,You Should Be,Sparkle Black,White,Black,All Black,Black & Gold,Blue,Lavender Gem,Orchid,Cutout,Yes,Magenta,Pink Gibson J-180,Silver Gibson J-180,Black Gibson J-45,none,Gibson Hummingbird,Taylor PS24CE,Pink-Orange,Clouds,Gold-Black,n/a,Red-Black,Black-Crystal,Lilac,Red Snake,Wood,Blue White,TTPD Brand,Gold,Maroon,Rose Gold,Dark Blue,Hallo!,Auf Gar Keinen Fall!,12:03:10 AM,Screen,The Last Great American Dynasty,Run,n/a,Nothing New,Dear Reader,n/a,n/a,n/a,n/a
122,Munich,N1,07/27/2024,DE,Olympiastadion,Paramore,n/a,Blue & Gold,Black,Short Gold,n/a,Chocolate Brown,About Me,Thin Straps,Black & Red,Lavender Cupcake,Red & Black Snakes,Green,Blue,Orange,Blue,Orange,You Should Be,Sparkle Black,White,Black,Graphite,Graphite & Black,Pink,Lavender Gem,Blue,Chevron,Yes,Magenta,Blue Gibson J-180,Silver Gibson J-180,Black Gibson J-45,none,Gibson Hummingbird,Taylor PS24CE,Blue-Gold,Clouds,Gold-Black,n/a,Red-Black,Black-Crystal,Purple-Blue,Red Snake,Wood,Blue White,TTPD Brand,Silver,Maroon,Rose Gold,Dark Blue,Servus!,Verpiss Dich!,12:03:13 AM,Screen,Fresh Out the Slammer,You Are in Love,n/a,Ivy,Call It What You Want,n/a,n/a,n/a,n/a
123,Munich,N2,07/28/2024,DE,Olympiastadion,Paramore,n/a,Purple,Indigo,Long Silver,n/a,Chocolate Brown,Is Not,Thin Straps,Black & Red,Champagne,Red & Black Snakes,Berry,Violet,Yellow,Violet,Yellow,Ruining My Life,Sparkle Black,White,Black,Sliver-White,Silver & Black,Orange,Lavender Gem,Silver,Cutout,Yes,Blue,Purple Gibson J-180,Silver Gibson J-180,Black Gibson J-45,none,Gibson Hummingbird,Taylor PS24CE,Blue-Purple,Clouds,Gold-Black,n/a,Red-Black,Black-Crystal,Lilac,Red Snake,Wood,Yellow,TTPD Brand,White,Maroon,Rose Gold,Dark Blue,Servus!,Vergiss Es!,12:03:37 AM,Screen,I Don't Wanna Live Forever,Imgonnagetyouback,n/a,Loml,Don't You,n/a,n/a,n/a,n/a
124,Warsaw,N1,08/01/2024,PL,PGE Narodowy,Paramore,n/a,Pink & Blue,Silver,Short Black Silver,n/a,Chocolate Brown,A Lot,Thin Straps,Black & Red,Purple Wonderstruck,Red & Black Snakes,Cream,Yellow,Pink,Yellow,Pink,You Should Be,Sparkle White,White,White,Sliver-White,White & Silver,Blue,Lavender Gem,Pink,Chevron,Yes,Blue,Pink Gibson J-180,Silver Gibson J-180,Black Gibson J-45,none,Gibson Hummingbird,Taylor PS24CE,Blue-Purple,Clouds,Gold-Black,n/a,Red-Black,Black-Crystal,Lilac,Red Snake,Wood,Yellow,TTPD Brand,White,Maroon,Rose Gold,Dark Blue,Servus!,Nigdy Przenigdy!,12:03:02 AM,Screen,Mirrorball,Clara Bow,n/a,Suburban Legends,New Year's Day,n/a,n/a,n/a,n/a
125,Warsaw,N2,08/02/2024,PL,PGE Narodowy,Paramore,n/a,All Pink,Pink,Short Tiger Stripes,n/a,Chocolate Brown,Ew,Thin Straps,Black & Red,Lilac Swirls,Red & Black Snakes,Green,Green,Blue,Green,Blue,Ruining My Life,Sparkle Black,White,Black,All Black,Black & Gold,Orange,Lavender Gem,Iridescent,Chevron,Yes,Multicolour,Pink Gibson J-180,Silver Gibson J-180,Black Gibson J-45,none,Gibson Hummingbird,Taylor PS24CE,Pink-Orange,Clouds,Gold-Black,n/a,Red-Black,Black-Crystal,Purple-Blue,Red Snake,Wood,Green,TTPD Brand,Gold,Maroon,Rose Gold,Dark Blue,Cześć!,Żartujesz!,12:02:37 AM,Screen,I Can Fix Him (No Really I Can),I Can See You,n/a,Red,Maroon,n/a,n/a,n/a,n/a
126,Warsaw,N3,08/03/2024,PL,PGE Narodowy,Paramore,n/a,Orange & Pink,Tangerine,Short Gold,n/a,Chocolate Brown,About Me,Thin Straps,Black & Red,Champagne,Red & Black Snakes,Butter,Pink,Violet,Violet,Pink,You Should Be,Sparkle White,White,Black,Graphite,Graphite & Black,Pink,Lavender Gem,Lavender,Cutout,Yes,Magenta,Pink Gibson J-180,Silver Gibson J-180,Black Gibson J-45,none,Gibson Hummingbird,Taylor PS24CE,Pink-Orange,Clouds,Gold-Black,n/a,Red-Black,Black-Crystal,Purple-Blue,Red Snake,Wood,Purple-Blue,TTPD Brand,Silver,Maroon,Rose Gold,Dark Blue,Cześć!,Chyba Śnisz!,12:02:33 AM,Screen,Today Was a Fairytale,I Think He Knows,n/a,The Black Dog,Exile,n/a,n/a,n/a,n/a
127,Vienna,N1,08/08/2024,AT,Ernst-Happel-Stadion,n/a,n/a,n/a,n/a,n/a,n/a,n/a,n/a,n/a,n/a,n/a,n/a,n/a,n/a,n/a,n/a,n/a,n/a,n/a,n/a,n/a,n/a,n/a,n/a,n/a,n/a,n/a,n/a,n/a,n/a,n/a,n/a,n/a,n/a,n/a,n/a,n/a,n/a,n/a,n/a,n/a,n/a,n/a,n/a,n/a,n/a,n/a,n/a,n/a,n/a,n/a,n/a,n/a,n/a,n/a,n/a,n/a,n/a,n/a,n/a,n/a,n/a,n/a
128,Vienna,N2,08/09/2024,AT,Ernst-Happel-Stadion,n/a,n/a,n/a,n/a,n/a,n/a,n/a,n/a,n/a,n/a,n/a,n/a,n/a,n/a,n/a,n/a,n/a,n/a,n/a,n/a,n/a,n/a,n/a,n/a,n/a,n/a,n/a,n/a,n/a,n/a,n/a,n/a,n/a,n/a,n/a,n/a,n/a,n/a,n/a,n/a,n/a,n/a,n/a,n/a,n/a,n/a,n/a,n/a,n/a,n/a,n/a,n/a,n/a,n/a,n/a,n/a,n/a,n/a,n/a,n/a,n/a,n/a,n/a
129,Vienna,N3,08/10/2024,AT,Ernst-Happel-Stadion,n/a,n/a,n/a,n/a,n/a,n/a,n/a,n/a,n/a,n/a,n/a,n/a,n/a,n/a,n/a,n/a,n/a,n/a,n/a,n/a,n/a,n/a,n/a,n/a,n/a,n/a,n/a,n/a,n/a,n/a,n/a,n/a,n/a,n/a,n/a,n/a,n/a,n/a,n/a,n/a,n/a,n/a,n/a,n/a,n/a,n/a,n/a,n/a,n/a,n/a,n/a,n/a,n/a,n/a,n/a,n/a,n/a,n/a,n/a,n/a,n/a,n/a,n/a
130,London,N4,08/15/2024,EN,Wembley Stadium,Sofia Isella,Paramore,Pink & Blue,Silver,Short Black Silver,n/a,Chocolate Brown,A Lot,Thin Straps,Black & Red,Lavender Cupcake,Red & Black Snakes,Green,Green,Pink,Green,Pink,You Should Be,Sparkle Black,White,Black,All Black,Black & Gold,Blue,Lavender Gem,Blue,Chevron,Yes,Magenta,Pink Gibson J-180,Silver Gibson J-180,Black Gibson J-45,none,Gibson Hummingbird,Taylor PS24CE,Blue-Purple,Clouds,Gold-Black,n/a,Red-Black,Black-Crystal,Purple-Blue,Red Snake,Wood,Green,TTPD Brand,Gold,Maroon,Rose Gold,Dark Blue,Oh Hi!,Are You Mad?,12:02:52 AM,Screen,Everything Has Changed,End Game,Thinking Out Loud,King of My Heart,The Alchemy,n/a,Ed Sheeran,n/a,n/a
131,London,N5,08/16/2024,EN,Wembley Stadium,Holly Humberstone,Paramore,Purple,Indigo,Long Gold,n/a,Chocolate Brown,Ew,Thin Straps,Black & Red,Champagne,Red & Black Snakes,Cream,Yellow,Blue,Yellow,Blue,Ruining My Life,Sparkle White,White,White,Sliver-White,White & Silver,Pink,Lavender Gem,Silver,Moonstone,Yes,Blue,Purple Gibson J-180,Silver Gibson J-180,Black Gibson J-45,none,Gibson Hummingbird,Taylor PS24CE,Blue-Purple,Clouds,Gold-Black,n/a,Red-Black,Black-Crystal,Lilac,Red Snake,Wood,Yellow,TTPD Brand,Crystal,Maroon,Rose Gold,Dark Blue,Oh Hi!,What a Knobhead!,12:03:41 AM,Screen,London Boy,n/a,n/a,Dear John,Sad Beautiful Tragic,n/a,n/a,n/a,n/a
132,London,N6,08/17/2024,EN,Wembley Stadium,Suki Waterhouse,Paramore,Blue & Gold,Black,Short Tiger Stripes,n/a,Chocolate Brown,Trouble,Thin Straps,Black & Red,Blue,Red & Black Snakes,Butter,Orange,Violet,Violet,Orange,You Should Be,Sparkle Black,White,Black,Graphite,Graphite & Black,Orange,Lavender Gem,Orchid,Chevron,Yes,Multicolour,Blue Gibson J-180,Silver Gibson J-180,Black Gibson J-45,none,Gibson Hummingbird,Taylor PS24CE,Blue-Gold,Clouds,Gold-Black,n/a,Red-Black,Black-Crystal,Lilac,Red Snake,Wood,Pink-Orange,TTPD Brand,Silver,Maroon,Rose Gold,Dark Blue,Oh Hi!,Nah Bruv!,12:03:37 AM,Screen,I Did Something Bad,n/a,n/a,My Boy Only Breaks His Favorite Toys,Coney Island,n/a,n/a,n/a,n/a
133,London,N7,08/19/2024,EN,Wembley Stadium,Maisie Peters,Paramore,All Pink,Pink,Long Silver,n/a,Chocolate Brown,Is Not,Thin Straps,Black & Red,Purple Wonderstruck,Red & Black Snakes,Blue,Blue,Orange,Orange,Blue,Ruining My Life,Sparkle Black,White,Black,All Black,Silver & Black,Pink,Lavender Gem,Pink,Moonstone,Yes,Magenta,Pink Gibson J-180,Silver Gibson J-180,Black Gibson J-45,none,Gibson Hummingbird,Taylor PS24CE,Pink-Orange,Clouds,Gold-Black,n/a,Red-Black,Black-Crystal,Purple-Blue,Red Snake,Wood,Blue White,TTPD Brand,White,Maroon,Rose Gold,Dark Blue,Oh Hi!,Are You Havin' a Laugh?,12:02:58 AM,Screen,Long Live,Change,n/a,The Archer,"You're on Your Own, Kid",n/a,n/a,n/a,n/a
134,London,N8,08/20/2024,EN,Wembley Stadium,Raye,Paramore,Orange & Pink,Tangerine,Short Gold,n/a,Chocolate Brown,About Me,Thin Straps,Black & Red,Lilac Swirls,Red & Black Snakes,Berry,Pink,Yellow,Pink,Yellow,You Should Be,Sparkle White,White,White,Sliver-White,White & Silver,Orange,Lavender Gem,Lavender,Chevron,Yes,Blue,Pink Gibson J-180,Silver Gibson J-180,Black Gibson J-45,none,Gibson Hummingbird,Taylor PS24CE,Pink-Orange,Clouds,Gold-Black,n/a,Red-Black,Black-Crystal,Lilac,Red Snake,Wood,Yellow,TTPD Brand,Crystal,Maroon,Rose Gold,Dark Blue,Oh Hi!,Get Out of My Pub!,12:03:49 AM,Screen,Death by a Thousand Cuts,Getaway Car,n/a,"So Long, London",n/a,n/a,Florence Welch,Jack Antonoff,n/a
135,Miami,N1,10/18/2024,FL,Hard Rock Stadium,Gracie Abrams,n/a,Orange & Pink,Tangerine,Short Silver Blue,n/a,Chocolate Brown,A Lot,Thin Straps,Black & Red,Lilac Swirls,Gold & Black Cobras,Berry,Orange,Green,Orange,Green,You Should Be,Sparkle White,White,White,Sliver-White,White & Silver,Betta Fish,Lavender Shimmer,Amethyst,Chevron,Yes,Magenta,Pink Gibson J-180,Silver Gibson J-180,Black Gibson J-45,none,Gibson Hummingbird,Taylor PS24CE,Pink-Orange,Clouds,Blue-Purple,n/a,Red-Black,Black-Crystal,Lilac,Red Snake,Wood,Green,TTPD Brand,Crystal,Maroon,Rose Gold,Dark Blue,Oh Hi!,Pero Like Never!,12:02:39 AM,Screen,Tim McGraw,Timeless,n/a,This Is Me Trying,Daylight,n/a,Florence Welch,n/a,n/a
136,Miami,N2,10/19/2024,FL,Hard Rock Stadium,Gracie Abrams,n/a,Blue & Gold,Black,Short Black Silver,n/a,Chocolate Brown,Is Not,Thin Straps,Black & Red,Teal,Gold & Black Cobras,Green,Yellow,Pink,Yellow,Pink,You Should Be,Sparkle Black,White,Black,All Black,Black & Gold,Supernova,Lavender Shimmer,Icy Blue,Moonstone,Yes,Blue,Blue Gibson J-180,Silver Gibson J-180,Black Gibson J-45,none,Gibson Hummingbird,Taylor PS24CE,Blue-Gold,Clouds,Gold-Black,n/a,Red-Black,Black-Crystal,Lilac,Red Snake,Wood,Yellow,TTPD Brand,Gold,Maroon,Rose Gold,Dark Blue,Oh Hi!,Literally Never!,12:03:21 AM,Screen,Should've Said No,I Did Something Bad,n/a,Loml,White Horse,n/a,Florence Welch,n/a,n/a
137,Miami,N3,10/20/2024,FL,Hard Rock Stadium,Gracie Abrams,n/a,Purple,Indigo,Short Tiger Stripes,n/a,Chocolate Brown,About Me,Thin Straps,Black & Red,Lavender Cupcake,Gold & Black Cobras,Butter,Blue,Violet,Violet,Blue,You Should Be,Sparkle White,White,Black,Sliver-White,Silver & Black,Karma Sunset,Lavender Shimmer,Orchid,Chevron,Yes,Multicolour,Purple Gibson J-180,Silver Gibson J-180,Black Gibson J-45,none,Gibson Hummingbird,Taylor PS24CE,Blue-Purple,Clouds,Gold-Black,n/a,Red-Black,Black-Crystal,Lilac,Red Snake,Wood,Purple-Blue,TTPD Brand,Crystal,Maroon,Rose Gold,Dark Blue,Oh Hi!,"Irregardless, No!",12:02:46 AM,Chiefs,Out of the Woods,All You Had to Do Was Stay,n/a,Mirrorball,Guilty as Sin?,n/a,Florence Welch,n/a,n/a
138,New Orleans,N1,10/25/2024,LA,Caesars Superdome,Gracie Abrams,n/a,Pink & Blue,Silver,Short Gold,n/a,Chocolate Brown,Ew,Thin Straps,Black & Red,Purple Wonderstruck,Gold & Black Cobras,Butter,Violet,Yellow,Green,Green,Ruining My Life,Sparkle White,White,White,Sliver-White,White & Silver,Koi Fish,Lavender Shimmer,Icy Blue,Moonstone,Yes,Multicolour,Pink Gibson J-180,Silver Gibson J-180,Black Gibson J-45,none,Gibson Hummingbird,Taylor PS24CE,Blue-Purple,Clouds,Gold-Black,n/a,Red-Black,Black-Crystal,Purple-Blue,Red Snake,Wood,Yellow,TTPD Brand,White,Maroon,Rose Gold,Dark Blue,Oh Hi!,Oh No B,12:03:17 AM,Screen,Our Song,Call It What You Want,n/a,The Black Dog,Haunted,n/a,n/a,n/a,n/a
139,New Orleans,N2,10/26/2024,LA,Caesars Superdome,Gracie Abrams,n/a,All Pink,Pink,Short Silver Blue,n/a,Chocolate Brown,Trouble,Thin Straps,Black & Red,Teal,Gold & Black Cobras,Berry,Yellow,Yellow,Yellow,Yellow,You Should Be,Sparkle Black,White,Black,Black & Gold,Black & Gold,Orange,Lavender Shimmer,Amethyst,Moonstone,Yes,Magenta,Pink Gibson J-180,Silver Gibson J-180,Black Gibson J-45,none,Gibson Hummingbird,Taylor PS24CE,Blue-Purple,Clouds,Gold-Black,n/a,Red-Black,Black-Crystal,Lilac,Red Snake,Wood,Yellow,TTPD Brand,Gold,Maroon,Rose Gold,Dark Blue,Oh Hi!,"Uh Uh, Ain't Gonna Happen!",12:02:38 AM,Screen,Espresso,Is It Over Now?,Please Please Please,Hits Different,Welcome to New York,n/a,Sabrina Carpenter,n/a,n/a
140,New Orleans,N3,10/27/2024,LA,Caesars Superdome,Gracie Abrams,n/a,Purple,Indigo,Long Silver,n/a,Chocolate Brown,A Lot,Thin Straps,Black & Red,Champagne,Gold & Black Cobras,Green,Blue,Violet,Pink,Pink,Ruining My Life,Sparkle Black,White,Black,All Black,Graphite & Black,Supernova,Lavender Shimmer,Orchid,Cutout,Yes,Blue,Purple Gibson J-180,Silver Gibson J-180,Black Gibson J-45,none,Gibson Hummingbird,Taylor PS24CE,Blue-Purple,Clouds,Gold-Black,n/a,Red-Black,Black-Crystal,Lilac,Red Snake,Wood,Purple-Blue,TTPD Brand,White,Maroon,Rose Gold,Dark Blue,Oh Hi!,She Said What She Said!,12:03:47 AM,Chiefs,Afterglow,Dress,n/a,How You Get the Girl,Clean,n/a,n/a,n/a,n/a
141,Indianapolis,N1,11/01/2024,IN,Lucas Oil Stadium,Gracie Abrams,n/a,Blue & Gold,Black,Short Tiger Stripes,n/a,Chocolate Brown,About Me,Thin Straps,Black & Red,Lavender Cupcake,Gold & Black Cobras,Berry,Pink,Pink,Pink,Pink,You Should Be,Sparkle White,White,White,Sliver-White,White & Silver,Betta Fish,Lavender Shimmer,Silver,Chevron,Yes,Blue,Blue Gibson J-180,Silver Gibson J-180,Black Gibson J-45,none,Gibson Hummingbird,Taylor PS24CE,Blue-Gold,Clouds,Gold-Black,n/a,Red-Black,Black-Crystal,Purple-Blue,Red Snake,Wood,Pink-Orange,TTPD Brand,White,Maroon,Rose Gold,Dark Blue,Oh Hi!,"No, Yeah, No!",12:03:38 AM,Screen,The Albatross,Holy Ground,n/a,Cold as You,Exile,n/a,n/a,n/a,n/a
142,Indianapolis,N2,11/02/2024,IN,Lucas Oil Stadium,Gracie Abrams,n/a,Orange & Pink,Tangerine,Short Silver Blue,n/a,Chocolate Brown,Ew,Thin Straps,Black & Red,Teal,Gold & Black Cobras,Green,Yellow,Orange,Yellow,Orange,Ruining My Life,Sparkle Black,White,Black,Graphite,Black & Gold,Koi Fish,Lavender Shimmer,Orchid,Moonstone,Yes,Magenta,Pink Gibson J-180,Silver Gibson J-180,Black Gibson J-45,none,Gibson Hummingbird,Taylor PS24CE,Pink-Orange,Clouds,Gold-Black,n/a,Red-Black,Black-Crystal,Lilac,Red Snake,Wood,Yellow,TTPD Brand,Gold,Maroon,Rose Gold,Dark Blue,Oh Hi!,"Ope, No!",12:03:13 AM,Chiefs,The Prophecy,This Love,n/a,Maroon,Cowboy like Me,n/a,n/a,n/a,n/a
143,Indianapolis,N3,11/03/2024,IN,Lucas Oil Stadium,Gracie Abrams,n/a,Pink & Blue,Silver,Short Black Silver,n/a,Chocolate Brown,A Lot,Thin Straps,Black & Red,Lilac Swirls,Gold & Black Cobras,Butter,Violet,Violet,Violet,Violet,You Should Be,Sparkle Black,White,Black,All Black,Silver & Black,Karma Sunset,Lavender Shimmer,Amethyst,Cutout,Yes,Multicolour,Pink Gibson J-180,Silver Gibson J-180,Black Gibson J-45,none,Gibson Hummingbird,Taylor PS24CE,Blue-Purple,Clouds,Gold-Black,n/a,Red-Black,Black-Crystal,Purple-Blue,Red Snake,Wood,Purple-Blue,TTPD Brand,White,Maroon,Rose Gold,Dark Blue,Oh Hi!,Scram!,12:03:53 AM,Screen,Cornelia Street,The Bolter,n/a,Death by a Thousand Cuts,The Great War,n/a,n/a,n/a,n/a
144,Toronto,N1,11/14/2024,ON,Rogers Centre,Gracie Abrams,n/a,Blue & Gold,Black,Short Black Silver,n/a,Chocolate Brown,Is Not,Thin Straps,Black & Red,Teal,Gold & Black Cobras,Cream,Green,Blue,Green,Blue,Ruining My Life,Sparkle Black,White,Black,Graphite,Graphite & Black,Koi Fish,Lavender Shimmer,Icy Blue,Moonstone,Yes,Multicolour,Blue Gibson J-180,Silver Gibson J-180,Black Gibson J-45,none,Gibson Hummingbird,Taylor PS24CE,Blue-Gold,Clouds,Gold-Black,n/a,Red-Black,Black-Crystal,Lilac,Red Snake,Wood,Green,TTPD Brand,Crystal,Maroon,Rose Gold,Dark Blue,Oh Hi!,Sorry Aboot It!,12:02:58 AM,Screen,My Boy Only Breaks His Favorite Toys,This Is Why We Can't Have Nice Things,n/a,False God,'Tis the Damn Season,n/a,n/a,n/a,n/a
145,Toronto,N2,11/15/2024,ON,Rogers Centre,Gracie Abrams,n/a,All Pink,Pink,Short Silver Blue,n/a,Chocolate Brown,Trouble,Thin Straps,Black & Red,Lavender Cupcake,Gold & Black Cobras,Blue,Violet,Pink,Pink,Violet,You Should Be,Sparkle White,White,White,Sliver-White,White & Silver,Supernova,Lavender Shimmer,Amethyst,Cutout,Yes,Magenta,Purple Gibson J-180,Silver Gibson J-180,Black Gibson J-45,none,Gibson Hummingbird,Taylor PS24CE,Pink-Orange,Clouds,Gold-Black,n/a,Red-Black,Black-Crystal,Lilac,Red Snake,Wood,Purple-Blue,TTPD Brand,White,Maroon,Rose Gold,Dark Blue,Oh Hi!,Get Lost Bud!,12:03:04 AM,Screen,I Don't Wanna Live Forever,Mine,n/a,Evermore,Peter,n/a,n/a,n/a,n/a
146,Toronto,N3,11/16/2024,ON,Rogers Centre,Gracie Abrams,n/a,Orange & Pink,Tangerine,Short Gold,n/a,Chocolate Brown,About Me,Thin Straps,Black & Red,Purple Wonderstruck,Gold & Black Cobras,Green,Blue,Orange,Orange,Blue,Ruining My Life,Sparkle Black,White,Black,All Black,Black & Gold,Karma Sunset,Lavender Shimmer,Orchid,Chevron,Yes,Blue,Pink Gibson J-180,Silver Gibson J-180,Black Gibson J-45,none,Gibson Hummingbird,Taylor PS24CE,Pink-Orange,Clouds,Gold-Black,n/a,Red-Black,Black-Crystal,Lilac,Red Snake,Wood,Blue White,TTPD Brand,Gold,Maroon,Rose Gold,Dark Blue,Oh Hi!,"Yeah, No, For Sure, No!",12:03:50 AM,Screen,Us,Out of the Woods,n/a,"You're on Your Own, Kid",Long Story Short,n/a,Gracie Abrams,n/a,n/a
147,Toronto,N4,11/21/2024,ON,Rogers Centre,Gracie Abrams,n/a,Purple,Indigo,Long Gold,n/a,Chocolate Brown,Ew,Thin Straps,Black & Red,Blue,Gold & Black Cobras,Mauve,Yellow,Pink,Yellow,Pink,You Should Be,Sparkle Black,White,Black,Sliver-White,Silver & Black,Betta Fish,Lavender Shimmer,Blue,Scallops,Yes,Blue,Purple Gibson J-180,Silver Gibson J-180,Black Gibson J-45,none,Gibson Hummingbird,Taylor PS24CE,Blue-Purple,Clouds,Gold-Black,n/a,Red-Black,Black-Crystal,Lilac,Red Snake,Wood,Yellow,TTPD Brand,White,Maroon,Rose Gold,Dark Blue,Oh Hi!,"Nah, You're Dust Fam!",12:02:47 AM,Screen,Mr. Perfectly Fine,Better than Revenge,n/a,State of Grace,Labyrinth,n/a,n/a,n/a,n/a
148,Toronto,N5,11/22/2024,ON,Rogers Centre,Gracie Abrams,n/a,Blue & Gold,Black,Short Tiger Stripes,n/a,Chocolate Brown,Never Ever,Thin Straps,Black & Red,Champagne,Gold & Black Cobras,Butter,Orange,Violet,Orange,Violet,Ruining My Life,Sparkle Black,White,Black,Graphite,Graphite & Black,Koi Fish,Lavender Shimmer,Silver,Moonstone,Yes,Multicolour,Blue Gibson J-180,Silver Gibson J-180,Black Gibson J-45,none,Gibson Hummingbird,Taylor PS24CE,Blue-Gold,Clouds,Gold-Black,n/a,Red-Black,Black-Crystal,Lilac,Red Snake,Wood,Pink-Orange,TTPD Brand,Crystal,Maroon,Rose Gold,Dark Blue,Oh Hi!,"Hoser, Take Off, Eh!",12:02:46 AM,Screen,Ours,The Last Great American Dynasty,n/a,Cassandra,Mad Woman,I Did Something Bad,n/a,n/a,n/a
149,Toronto,N6,11/23/2024,ON,Rogers Centre,Gracie Abrams,n/a,Pink & Blue,Silver,Short Black Silver,n/a,Chocolate Brown,A Lot,Thin Straps,Black & Red,Lilac Swirls,Gold & Black Cobras,Berry,Pink,Blue,Blue,Pink,You Should Be,Sparkle Black,White,Black,Black & Gold,Black & Gold,Supernova,Lavender Shimmer,Iridescent,Chevron,Yes,Magenta,Pink Gibson J-180,Silver Gibson J-180,Black Gibson J-45,none,Gibson Hummingbird,Taylor PS24CE,Blue-Purple,Clouds,Gold-Black,n/a,Red-Black,Black-Crystal,Lilac,Red Snake,Wood,Blue White,TTPD Brand,Gold,Maroon,Rose Gold,Dark Blue,Oh Hi!,"Ew, David, Ew!",12:03:05 AM,Screen,Sparks Fly,Message in a Bottle,n/a,You're Losing Me,How Did It End?,n/a,n/a,n/a,n/a
150,Vancouver,N1,12/06/2024,BC,BC Place,Gracie Abrams,n/a,Blue & Gold,Black,Short Black Silver,n/a,Chocolate Brown,Is Not,Thin Straps,Black & Red,Champagne,Gold & Black Cobras,Berry,Yellow,Orange,Orange,Yellow,Ruining My Life,Plain White,White,White,Sliver-White,White & Silver,Supernova,Lavender Shimmer,Iridescent,Chevron,Yes,Magenta,Blue Gibson J-180,Silver Gibson J-180,Black Gibson J-45,none,Gibson Hummingbird,Taylor PS24CE,Blue-Gold,Clouds,Gold-Black,n/a,Red-Black,Black-Crystal,Lilac,Red Snake,Wood,Yellow,TTPD Brand,Crystal,Maroon,Rose Gold,Dark Blue,Oh Hi!,Like Ever!,12:02:33 AM,Screen,Haunted,Wonderland,n/a,Never Grow Up,The Best Day,n/a,n/a,n/a,n/a
151,Vancouver,N2,12/07/2024,BC,BC Place,Gracie Abrams,n/a,Blue & Gold,Black,Short Black Silver,n/a,Chocolate Brown,Is Not,Thin Straps,Black & Red,Champagne,Gold & Black Cobras,Berry,Yellow,Orange,Orange,Yellow,Ruining My Life,Plain White,White,White,Sliver-White,White & Silver,Supernova,Lavender Shimmer,Iridescent,Chevron,Yes,Magenta,Blue Gibson J-180,Silver Gibson J-180,Black Gibson J-45,none,Gibson Hummingbird,Taylor PS24CE,Blue-Gold,Clouds,Gold-Black,n/a,Red-Black,Black-Crystal,Lilac,Red Snake,Wood,Yellow,TTPD Brand,Crystal,Maroon,Rose Gold,Dark Blue,Oh Hi!,Like Ever!,12:04:36 AM,Screen,"I Love You, I'm Sorry",Last Kiss,n/a,The Tortured Poets Department,Maroon,n/a,Gracie Abrams,n/a,n/a
152,Vancouver,N3,12/08/2024,BC,BC Place,Gracie Abrams,n/a,Blue & Gold,Black,Short Black Silver,n/a,Chocolate Brown,Is Not,Thin Straps,Black & Red,Champagne,Gold & Black Cobras,Berry,Yellow,Orange,Yellow,Orange,Ruining My Life,Plain White,White,White,Sliver-White,White & Silver,Supernova,Lavender Shimmer,Iridescent,Chevron,Yes,Magenta,Blue Gibson J-180,Silver Gibson J-180,Black Gibson J-45,none,Gibson Hummingbird,Taylor PS24CE,Blue-Gold,Clouds,Gold-Black,n/a,Red-Black,Black-Crystal,Lilac,Red Snake,Wood,Yellow,TTPD Brand,Crystal,Maroon,Rose Gold,Dark Blue,Oh Hi!,"For the Last Time, No!",12:03:00 AM,Chiefs,A Place in This World,New Romantics,n/a,Long Live,New Year's Day,The Manuscript,n/a,n/a,n/a
